id,name,name_zh,glass_type,scene,composition,output_image,status,prompt,prompt_zh
1087,Salty Swede,咸味瑞典人,Old Fashioned Glass,晨光柑橘台面,off-center-left / medium,output/images/1087_salty_swede.jpg,success,"Bright and airy lifestyle still-life of a single Old Fashioned glass sitting on a pale travertine counter, placed on the left third of the frame with generous soft negative space to the right, medium shot, glass roughly one third of frame height. The drink is a pale blush-grapefruit highball, gently cloudy and lightly effervescent with rising tiny bubbles, a crisp yuzu-salt rim catching the light, one large clear ice cube inside, a thin grapefruit wedge on the rim, delicate condensation beads on the cool glass. Soft diffused morning window light from the right, low-key warmth, shallow depth of field, creamy bokeh, 85mm macro feel, hyper-detailed, photorealistic, 8k, single cocktail glass only, no other glasses, restrained harmonious low-saturation background, no text, no letters, no numbers, no logo, no watermark",明亮清新的生活方式静物：一只古典杯置于浅色石灰华台面左侧三分处，右侧留出大面积柔和负空间，中景，杯高约占画幅三分之一。酒体为淡淡的西柚粉色高球，略带浑浊与细密上升气泡，柚子盐边在光下闪亮，杯中一块通透大冰，杯沿一小片西柚，杯壁凝结冷凝水珠。右侧柔和清晨窗光，浅景深奶油散景，85mm微距感，超精细，写实，8k。
1226,SOMA Fizz,SOMA 菲士,Collins,奶香晨间菲士,off-center-right / medium,output/images/1226_soma_fizz.jpg,success,"Soft bright editorial still-life of a single tall Collins glass on a smooth ivory marble surface, subject on the right third with airy negative space to the left, medium shot, glass about one third of frame height. A creamy fizz: pale ivory clouded liquid with a dense silky foam collar on top, fine soda bubbles clinging to the walls, a fresh orange wedge perched on the rim, cool condensation misting the glass. Gentle overcast daylight from a side window, delicate pastel palette, shallow depth of field with creamy bokeh, 100mm macro feel, hyper-detailed, photorealistic, 8k, single cocktail glass only, no other glasses, restrained harmonious low-saturation background, no text, no letters, no numbers, no logo, no watermark",柔和明亮的编辑风静物：一只高身可林杯置于象牙色大理石台面右侧三分处，左侧留白，中景，杯高约占画幅三分之一。奶香菲士：象牙白微浑酒液，顶部一层绵密丝滑奶泡，杯壁附着细密苏打气泡，杯沿一片鲜橙角，杯身凝结冷凝薄雾。侧窗柔和阴天日光，淡雅粉彩色调，浅景深奶油散景，100mm微距感，超精细，写实，8k。
1255,Kentucky Likker,肯塔基烈酒,Old Fashioned Glass,暗木烈酒仰视,low-angle hero / subject lower third,output/images/1255_kentucky_likker.jpg,success,"Moody low-key spirit-forward still-life shot from a low hero angle, a single heavy Old Fashioned glass on aged dark walnut, subject sitting in the lower third with dramatic dark space and a soft light halo above. The drink is a deep mahogany-amber bourbon stirred with amaro, brilliantly translucent, one large clear ice cube glowing amber inside, a curled lemon peel and a dark Luxardo cherry resting within, faint condensation on the glass. Warm tungsten side light rakes the rim, cinematic chiaroscuro, shallow depth of field, creamy bokeh, 85mm macro feel, hyper-detailed, photorealistic, 8k, single cocktail glass only, no other glasses, restrained harmonious low-saturation background, no text, no letters, no numbers, no logo, no watermark",暗调、以烈酒为主角的静物，低角度英雄式仰拍：一只厚重古典杯置于做旧胡桃木上，主体位于画面下三分，上方留出戏剧性暗部与柔和光晕。酒体为深赤褐琥珀色的波本调酒，晶莹通透，杯中一块通透大冰泛着琥珀光，一条柠檬皮卷与一颗深色路萨朵樱桃沉于杯中，杯壁微凝水珠。暖钨丝侧光扫过杯缘，电影级明暗对比，浅景深奶油散景，85mm微距感，超精细，写实，8k。
1316,Toasted Drop,炙烤滴落,Martini,肉桂糖边俯视,high-angle 45 overhead / off-center,output/images/1316_toasted_drop.jpg,success,"Elegant high-angle 45-degree still-life of a single chilled martini glass on a dark brushed-brass tray, subject offset to one side revealing the tabletop, glass modest in frame. A pale lemony-cream sour with a delicate airy egg-white foam crown, a fine cinnamon-sugar rim glittering warmly, silky translucent body beneath the foam, tiny bubbles at the surface. Soft directional warm light from upper left casting a gentle long shadow, refined moody palette, shallow depth of field, creamy bokeh, 100mm macro feel, hyper-detailed, photorealistic, 8k, single cocktail glass only, no other glasses, restrained harmonious low-saturation background, no text, no letters, no numbers, no logo, no watermark",优雅的45度高角度俯拍静物：一只冰镇马天尼杯置于深色拉丝黄铜托盘上，主体偏置一侧露出台面，杯身占比适中。淡柠檬奶油色酸酒，顶部一层轻盈蛋清奶泡，细腻的肉桂糖边泛着暖光，泡沫下酒液丝滑半透明，表面细小气泡。左上方柔和定向暖光投出柔长阴影，克制而有情绪的色调，浅景深奶油散景，100mm微距感，超精细，写实，8k。
1358,Abano Sour,阿巴诺酸酒,,环境暖光酸酒,wide environmental / subject small,output/images/1358_abano_sour.jpg,success,"Warm environmental still-life, wide shot of a single coupe glass sitting small within a larger softly-lit bar corner, subject occupying about a quarter of the frame with rich ambient space around it. An amber-brown bitter sour beneath a thick creamy egg-white foam, a fragrant cardamom-sugar rim, silky translucent liquid, a fine dusting of spice on the foam. Warm ambient tungsten glow with soft falloff, aged wood and blurred shelving bokeh behind, cinematic low-key mood, shallow depth of field, 85mm feel, hyper-detailed, photorealistic, 8k, single cocktail glass only, no other glasses, restrained harmonious low-saturation background, no text, no letters, no numbers, no logo, no watermark",暖调环境静物，广角：一只碟形杯较小地融入柔光酒吧一角，主体约占画幅四分之一，四周环境留白丰富。琥珀棕色的苦味酸酒，上覆厚实绵密蛋清奶泡，芳香豆蔻糖边，酒液丝滑半透，泡沫上薄撒香料。暖钨丝环境光柔和衰减，背景做旧木质与虚化置物架散景，电影暗调，浅景深，85mm感，超精细，写实，8k。
1526,Bloody Swede,血腥瑞典人,,咸鲜番茄一角,minimalist negative space / corner,output/images/1526_bloody_swede.jpg,success,"Minimalist savory still-life, a single tall glass pushed to the lower-left corner of the frame with vast clean negative space and soft shadow filling the rest. A deep tomato-red bloody mary, opaque and rich, an elaborate skewer laid across the rim loaded with a caper berry, cherry tomato, pickled okra, cocktail onion and a jalapeno-stuffed olive, a celery stalk rising from the glass, gentle condensation. Cool diffused daylight from the side, muted earthy palette, shallow depth of field, creamy bokeh, 100mm macro feel, hyper-detailed, photorealistic, 8k, single cocktail glass only, no other glasses, restrained harmonious low-saturation background, no text, no letters, no numbers, no logo, no watermark",极简咸鲜静物：一只高杯被压到画面左下角，其余是大片干净负空间与柔和阴影。深番茄红的血腥玛丽，浑厚不透明，杯口横架一根丰盛竹签串着刺山柑果、樱桃番茄、腌秋葵、鸡尾酒洋葱和塞馅橄榄，一根芹菜梗自杯中挺立，杯壁微凝水珠。侧向柔和日光，低饱和大地色调，浅景深奶油散景，100mm微距感，超精细，写实，8k。
1542,My Spicy Valentine,我的辣味情人,,巧克力奶香框景,foreground framing / through blur,output/images/1542_my_spicy_valentine.jpg,success,"Intimate still-life shot through a soft blurred foreground of dark chocolate shavings, a single chilled coupe cocktail glass in the mid-ground offset from center, layered depth. The drink is a silky chocolate-brown creamy cocktail, opaque and velvety with a faint mocha sheen on the surface, no garnish, delicate cool condensation on the bowl. Warm low side light glowing against a deep shadowed backdrop, romantic moody palette, shallow depth of field, dreamy creamy bokeh, 85mm macro feel, hyper-detailed, photorealistic, 8k, single cocktail glass only, no other glasses, restrained harmonious low-saturation background, no text, no letters, no numbers, no logo, no watermark",亲密感静物，透过虚化的前景黑巧克力碎拍摄：一只冰镇碟形鸡尾酒杯位于中景、偏离正中，纵深分明。酒体为丝滑巧克力棕的奶香鸡尾酒，绵密不透明，表面泛着淡淡摩卡光泽，无装饰，杯壁凝结细腻冷凝水珠。暖调低位侧光映衬深暗背景，浪漫而有情绪的色调，浅景深梦幻奶油散景，85mm微距感，超精细，写实，8k。
904,The Happy Place,快乐之地,,长焦压缩红宝石,telephoto compression / off-center third,output/images/904_the_happy_place.jpg,success,"Cinematic telephoto still-life, a single coupe glass placed on the right third line, deep layered creamy bokeh compressing a dim bar backdrop behind, shallow plane of focus. A brilliant ruby-cranberry gin cocktail, jewel-clear and luminous, a faint aromatic peaty mist drifting just above the surface, a delicate expressed lemon oil sheen, no ice, clean stem. Warm directional light rims the glass edge against cool shadow, elegant low-key palette, 135mm compression, creamy bokeh, hyper-detailed, photorealistic, 8k, single cocktail glass only, no other glasses, restrained harmonious low-saturation background, no text, no letters, no numbers, no logo, no watermark",电影感长焦静物：一只碟形杯置于右侧三分线，背后是深邃层叠的奶油散景，将昏暗酒吧背景压缩虚化，焦平面浅。酒体为明亮红宝石般的蔓越莓金酒鸡尾酒，晶莹通透、熠熠生辉，酒面上方飘着一缕淡淡的泥煤威士忌香雾，表面泛着柠檬精油光泽，无冰，杯脚洁净。暖调定向光勾勒杯缘、映衬冷调阴影，优雅暗调，135mm压缩，奶油散景，超精细，写实，8k。
919,Cut & Rum,切割与朗姆,Smoked Glass,山核桃木俯拍,off-center flat lay / top-down,output/images/919_cut_rum.jpg,success,"Overhead top-down flat-lay still-life, a single smoked rocks glass placed off-center on a rugged hickory wood board, surrounded by clean space with a single curled orange peel clipped by a wooden pin nearby. A deep amber rum blend stirred over one large clear two-inch ice cube, richly translucent with warm highlights, a faint smoky haze inside the smoked glass, subtle chill sheen. Dramatic hard directional light from one side casting a crisp shadow across the grain, moody low-key wood palette, shallow depth of field, 100mm feel, hyper-detailed, photorealistic, 8k, single cocktail glass only, no other glasses, restrained harmonious low-saturation background, no text, no letters, no numbers, no logo, no watermark",90度俯拍平铺静物：一只烟熏古典杯偏置于粗犷山核桃木板上，周围留白，一旁有一条橙皮卷用木夹夹着。深琥珀色的朗姆混调，搅拌于一块两英寸通透大冰上，酒体浓郁半透、暖调高光，烟熏玻璃内隐约烟雾，杯身微凝冷光。单侧戏剧硬光在木纹上投出利落阴影，暗调木质色调，浅景深，100mm感，超精细，写实，8k。
931,Fiona Graham,菲奥娜·格雷厄姆,Nick & Nora,冷窗光剪影,distant backlit rim / subject to side,output/images/931_fiona_graham.jpg,success,"Quiet cinematic still-life, a single elegant Nick & Nora glass placed small to one side of the frame, backlit by a soft cool window glow that rims its silhouette, large atmospheric space dominating. A pale straw-gold aperitivo-sake cocktail, clear and delicate with a light bitter hue, one big clear ice rock inside, a wide expressed orange swath draped over the rim, faint surface citrus oils. Cool moonlit blue side-back light with a distant tiny warm accent, serene low-key palette, shallow depth of field, creamy bokeh, 85mm feel, hyper-detailed, photorealistic, 8k, single cocktail glass only, no other glasses, restrained harmonious low-saturation background, no text, no letters, no numbers, no logo, no watermark",静谧电影感静物：一只优雅的尼克诺拉杯较小地置于画面一侧，被柔和冷调窗光逆光勾出轮廓，大片氛围空间主导画面。酒体为淡稻草金的开胃酒清酒鸡尾酒，清澈细腻、略带微苦色泽，杯中一块通透大冰，一条宽橙皮搭在杯沿，酒面浮着淡淡柑橘油。冷调月光蓝侧逆光配远处一点极小暖光，宁静暗调，浅景深奶油散景，85mm感，超精细，写实，8k。
977,Kick the Pigeon,踢鸽子,Champagne Flute,粉橘气泡左置,off-center-left / medium,output/images/977_kick_the_pigeon.jpg,success,"Fresh bright still-life of a single tall champagne flute on a pale linen-draped surface, subject on the left third with soft airy space to the right, medium shot, glass about a third of frame height. A pale peachy-pink sparkling cocktail, crystal clear with a steady stream of fine bubbles rising, a slender twisted lemon peel resting on the rim, delicate cool condensation on the flute. Soft backlit daylight through a sheer curtain making the bubbles glow, light pastel palette, shallow depth of field, creamy bokeh, 100mm macro feel, hyper-detailed, photorealistic, 8k, single cocktail glass only, no other glasses, restrained harmonious low-saturation background, no text, no letters, no numbers, no logo, no watermark",清新明亮静物：一只高身香槟笛杯置于铺着浅色亚麻的台面左侧三分处，右侧柔和留白，中景，杯高约占画幅三分之一。酒体为淡蜜桃粉的起泡鸡尾酒，晶莹透亮，细密气泡持续上升，杯沿搭一条纤细柠檬皮卷，杯身凝结细腻冷凝水珠。薄纱窗帘透进的柔和逆光令气泡发光，淡雅粉彩色调，浅景深奶油散景，100mm微距感，超精细，写实，8k。
980,Pink Pigeon Punch,粉红鸽子潘趣,Coupe,西瓜粉潘趣右置,off-center-right / medium,output/images/980_pink_pigeon_punch.jpg,success,"Sun-kissed still-life of a single coupe glass on a warm terracotta surface, subject on the right third with breezy negative space to the left, medium shot. A vivid watermelon-pink rum punch, gently opaque and fresh with a lively ginger-beer fizz on top, tiny bubbles clinging, a small watermelon triangle on the rim, light condensation. Warm golden-hour daylight from the left, relaxed summery palette kept low in saturation, shallow depth of field, creamy bokeh, 85mm macro feel, hyper-detailed, photorealistic, 8k, single cocktail glass only, no other glasses, restrained harmonious low-saturation background, no text, no letters, no numbers, no logo, no watermark",沐浴阳光的静物：一只碟形杯置于暖陶土色台面右侧三分处，左侧轻盈留白，中景。酒体为鲜明西瓜粉的朗姆潘趣，微浑而新鲜，顶部姜汁啤酒气泡欢腾、细泡附壁，杯沿一小块西瓜三角，杯身微凝水珠。左侧暖金黄昏日光，慵懒夏日色调但饱和克制，浅景深奶油散景，85mm微距感，超精细，写实，8k。
981,Kentucky Garrigue,肯塔基加里格,Collins,草莓红仰视,low-angle hero / subject lower third,output/images/981_kentucky_garrigue.jpg,success,"Low-angle hero still-life of a single tall Collins glass on a dark slate bar, subject in the lower third with dramatic dark space and gentle light bloom above. A deep strawberry-ruby bourbon cooler over crushed and cube ice, richly translucent with a peppery-shrub tint, faint tonic effervescence, a fresh strawberry and a few cracked black peppercorns as garnish, cool beading on the glass. Warm side light rakes the tall column while the backdrop falls to shadow, cinematic low-key palette, shallow depth of field, creamy bokeh, 85mm feel, hyper-detailed, photorealistic, 8k, single cocktail glass only, no other glasses, restrained harmonious low-saturation background, no text, no letters, no numbers, no logo, no watermark",低角度英雄式静物：一只高身可林杯置于深色石板吧台上，主体位于下三分，上方留出戏剧暗部与柔和光晕。酒体为深草莓红宝石色的波本清凉调，浇于碎冰与方冰上，浓郁半透、带胡椒香脂醋色泽，隐约汤力气泡，杯口以一颗鲜草莓与几粒碎黑胡椒装饰，杯壁凝结冷珠。暖侧光扫过高杯，背景没入阴影，电影暗调，浅景深奶油散景，85mm感，超精细，写实，8k。
1026,La Hops Vie,啤酒花人生,Martini,罗勒清爽俯45,high-angle 45 overhead / off-center,output/images/1026_la_hops_vie.jpg,success,"Bright airy high-angle 45-degree still-life of a single chilled martini glass on a pale marble counter, subject offset to reveal the clean surface, glass modest in frame. A pale citrus yellow-green vodka sour, crystal clear and bright, two fresh spanked basil leaves floating on the surface, tiny surface bubbles, cool condensation on the bowl. Soft diffused daylight from upper right casting a gentle shadow, fresh clean low-saturation palette, shallow depth of field, creamy bokeh, 100mm macro feel, hyper-detailed, photorealistic, 8k, single cocktail glass only, no other glasses, restrained harmonious low-saturation background, no text, no letters, no numbers, no logo, no watermark",明亮清新的45度高角度俯拍静物：一只冰镇马天尼杯置于浅色大理石台面，主体偏置露出干净台面，杯身占比适中。酒体为淡柑橘黄绿色的伏特加酸酒，晶莹明亮，两片轻拍过的新鲜罗勒叶浮于酒面，表面细小气泡，杯壁凝结冷珠。右上方柔和漫射日光投出淡影，清爽低饱和色调，浅景深奶油散景，100mm微距感，超精细，写实，8k。
1034,The Monte Rua,蒙特鲁阿,Champagne Flute,金气泡环境景,wide environmental / subject small,output/images/1034_the_monte_rua.jpg,success,"Wide environmental still-life, a single champagne flute standing small within a softly lit celebratory nook, subject about a quarter of the frame with ambient space around. A pale gold sparkling wine with a rosy cherry-syrup blush pooling near the base and a graceful column of fine bubbles rising, a single dark Luxardo cherry resting at the bottom, delicate condensation. Soft warm ambient light with gentle bokeh of distant fairy lights kept to a single warm hue, refined understated palette, shallow depth of field, 85mm feel, hyper-detailed, photorealistic, 8k, single cocktail glass only, no other glasses, restrained harmonious low-saturation background, no text, no letters, no numbers, no logo, no watermark",广角环境静物：一只香槟笛杯较小地立于柔光庆祝角落，主体约占画幅四分之一，四周环境留白。酒体为淡金色起泡酒，杯底晕着玫瑰色樱桃糖浆，一柱细腻气泡优雅上升，杯底沉着一颗深色路萨朵樱桃，杯身微凝水珠。柔和暖调环境光，远处串灯散景仅取单一暖色，克制内敛色调，浅景深，85mm感，超精细，写实，8k。
1042,The Lover's Quarrel,恋人争吵,,果香一角留白,minimalist negative space / corner,output/images/1042_the_lover_s_quarrel.jpg,success,"Minimalist still-life, a single rocks glass nudged to the upper-right corner of the frame with expansive clean negative space and soft gradient shadow filling the lower area. A warm amber-orange gin cooler with a subtle spicy-honey glow, over a big clear ice cube, faintly effervescent, garnished with a thin peach slice and a small jalapeno round on the rim, light condensation. Soft directional daylight grazing from the left, muted warm low-saturation palette, shallow depth of field, creamy bokeh, 100mm macro feel, hyper-detailed, photorealistic, 8k, single cocktail glass only, no other glasses, restrained harmonious low-saturation background, no text, no letters, no numbers, no logo, no watermark",极简静物：一只古典杯被推到画面右上角，其余是开阔干净的负空间与柔和渐变阴影。酒体为暖琥珀橙色的金酒清凉调，透出微妙的辛香蜂蜜光泽，浇于一块通透大冰上，略带气泡，杯沿以一薄片桃子与一小圈哈瓦那辣椒装饰，杯身微凝水珠。左侧柔和定向日光掠过，低饱和暖色调，浅景深奶油散景，100mm微距感，超精细，写实，8k。
1053,Nieux Carré,新奥尔良广场,Old Fashioned Glass,琥珀框景纵深,foreground framing / through blur,output/images/1053_nieux_carré.jpg,success,"Layered still-life shot through a soft blurred foreground of dark bar bottles, a single heavy Old Fashioned glass in the mid-ground offset from center, strong sense of depth. A deep amber-red spirit-forward stir over one large clear ice cube, richly translucent and glowing, no garnish, elegant chill sheen and faint condensation on the glass. Warm tungsten side light against a shadowed backdrop, sophisticated speakeasy low-key palette, shallow depth of field, creamy bokeh, 85mm macro feel, hyper-detailed, photorealistic, 8k, single cocktail glass only, no other glasses, restrained harmonious low-saturation background, no text, no letters, no numbers, no logo, no watermark",层次感静物，透过虚化的前景深色酒瓶拍摄：一只厚重古典杯位于中景、偏离正中，纵深强烈。酒体为深琥珀红的烈酒型搅拌调，浇于一块通透大冰上，浓郁半透、隐隐发光，无装饰，杯身泛着冷凝光泽与微珠。暖钨丝侧光映衬阴影背景，考究的地下酒吧暗调，浅景深奶油散景，85mm微距感，超精细，写实，8k。
1082,Fuji-La,富士拉,Coupe,苹果金长焦,telephoto compression / off-center third,output/images/1082_fuji_la.jpg,success,"Cinematic telephoto still-life, a single coupe glass on the left third line with deep compressed creamy bokeh of a muted interior behind, shallow focal plane. A pale golden apple-gin cocktail, crystal clear and luminous, no ice, a thin fan of Fuji apple slices lightly dusted with cinnamon perched on the rim, a whisper of surface sheen, clean stem. Soft warm directional light rimming the bowl against cool shadow, refined low-key palette, 135mm compression, creamy bokeh, hyper-detailed, photorealistic, 8k, single cocktail glass only, no other glasses, restrained harmonious low-saturation background, no text, no letters, no numbers, no logo, no watermark",电影感长焦静物：一只碟形杯置于左侧三分线，背后是深邃压缩的奶油散景与低调室内，焦平面浅。酒体为淡金色的苹果金酒鸡尾酒，晶莹通透、熠熠生辉，无冰，杯沿架一小扇富士苹果薄片、薄撒肉桂粉，酒面泛着微光，杯脚洁净。柔和暖调定向光勾勒杯身、映衬冷调阴影，考究暗调，135mm压缩，奶油散景，超精细，写实，8k。
1459,Polish Penance,波兰忏悔,Etched Rocks Glass,蚀纹杯俯拍,off-center flat lay / top-down,output/images/1459_polish_penance.jpg,success,"Overhead top-down flat-lay still-life, a single etched rocks glass placed off-center on a dark honed stone surface, clean surrounding space with a curled lemon twist resting nearby. A reddish-amber plum-brandy stir over one large clear Hoshizaki ice cube, richly translucent with a rosy Peychaud tint, the etched crystal facets catching light, subtle chill sheen. Dramatic hard directional light from one side casting a crisp geometric shadow, moody low-key palette, shallow depth of field, 100mm feel, hyper-detailed, photorealistic, 8k, single cocktail glass only, no other glasses, restrained harmonious low-saturation background, no text, no letters, no numbers, no logo, no watermark",90度俯拍平铺静物：一只蚀刻古典杯偏置于深色哑光石面上，周围留白，一旁搭着一条柠檬皮卷。酒体为红琥珀色的李子白兰地搅拌调，浇于一块通透Hoshizaki大冰上，浓郁半透、带Peychaud玫瑰色调，蚀刻水晶切面反光，杯身微凝冷光。单侧戏剧硬光投出利落几何阴影，暗调，浅景深，100mm感，超精细，写实，8k。
1529,II Piacere,欢愉,,樱桃奶泡剪影,distant backlit rim / subject to side,output/images/1529_ii_piacere.jpg,success,"Quiet cinematic still-life, a single coupe glass set small to one side, backlit by a soft warm glow rimming its silhouette, large atmospheric shadow space dominating. A reddish-amber hazelnut-cherry rum sour under a fine silky egg-white foam, a single dark maraschino cherry resting on the foam, delicate surface texture. Warm side-back light with distant tiny warm accent, serene moody palette, shallow depth of field, creamy bokeh, 85mm feel, hyper-detailed, photorealistic, 8k, single cocktail glass only, no other glasses, restrained harmonious low-saturation background, no text, no letters, no numbers, no logo, no watermark",静谧电影感静物：一只碟形杯较小地置于画面一侧，被柔和暖光逆光勾出轮廓，大片氛围阴影主导画面。酒体为红琥珀色的榛子樱桃朗姆酸酒，覆一层丝滑蛋清奶泡，泡沫上停一颗深色马拉斯奇诺樱桃，表面质感细腻。暖调侧逆光配远处一点极小暖光，宁静而有情绪的色调，浅景深奶油散景，85mm感，超精细，写实，8k。
1555,Kerouac,凯鲁亚克,Collins,柑橘气泡左置,off-center-left / medium,output/images/1555_kerouac.jpg,success,"Bright lifestyle still-life of a single tall Collins glass on a pale concrete counter, subject on the left third with airy negative space to the right, medium shot, glass about a third of frame height. A glowing orange-amber tequila cooler over clear ice cubes, lightly effervescent with soda, translucent with a bitter-orange tint, a long grapefruit twist arcing over the rim, cool condensation beading down the glass. Soft daylight from the right, clean warm low-saturation palette, shallow depth of field, creamy bokeh, 85mm macro feel, hyper-detailed, photorealistic, 8k, single cocktail glass only, no other glasses, restrained harmonious low-saturation background, no text, no letters, no numbers, no logo, no watermark",明亮生活方式静物：一只高身可林杯置于浅色水泥台面左侧三分处，右侧轻盈留白，中景，杯高约占画幅三分之一。酒体为发亮的橙琥珀色龙舌兰清凉调，浇于通透方冰上，苏打带来轻盈气泡，半透且带苦橙色泽，一条长西柚皮弧形横跨杯沿，杯壁凝结冷珠下滑。右侧柔和日光，干净低饱和暖色调，浅景深奶油散景，85mm微距感，超精细，写实，8k。
1195,Masataka's Vision,政孝之见,,威士忌暖光右置,off-center-right / medium,output/images/1195_masataka_s_vision.jpg,success,"Moody spirit-forward still-life of a single Old Fashioned glass on aged dark wood, subject on the right third with soft shadowed space to the left, medium shot. A deep amber Japanese whisky old-fashioned stirred over ice, richly translucent and glowing, an expressed orange twist and a dark Luxardo cherry resting inside, undissolved sugar sparkle, faint condensation. Warm tungsten side light rakes the glass against a dim backdrop, refined low-key palette, shallow depth of field, creamy bokeh, 85mm macro feel, hyper-detailed, photorealistic, 8k, single cocktail glass only, no other glasses, restrained harmonious low-saturation background, no text, no letters, no numbers, no logo, no watermark",暗调、以烈酒为主角的静物：一只古典杯置于做旧深色木面右侧三分处，左侧柔和阴影留白，中景。酒体为深琥珀色的日本威士忌古典调，搅拌于冰上，浓郁半透、隐隐发光，杯中放着一条挤香橙皮与一颗深色路萨朵樱桃，糖粒微闪，杯身微凝水珠。暖钨丝侧光扫过酒杯、映衬昏暗背景，考究暗调，浅景深奶油散景，85mm微距感，超精细，写实，8k。
1544,Doitashimashie,请多关照,Old Fashioned Glass,谷物威士忌仰视,low-angle hero / subject lower third,output/images/1544_doitashimashie.jpg,success,"Low-angle hero still-life of a single Old Fashioned glass on dark stone, subject in the lower third with dramatic dark space and a soft light bloom above. A luminous golden-amber grain-whisky old-fashioned over one large clear ice sphere, brilliantly translucent, a curled orange twist and a fresh mint sprig on top, faint demerara richness, subtle condensation. Warm directional tungsten light rimming the sphere against deep shadow, cinematic low-key palette, shallow depth of field, creamy bokeh, 85mm feel, hyper-detailed, photorealistic, 8k, single cocktail glass only, no other glasses, restrained harmonious low-saturation background, no text, no letters, no numbers, no logo, no watermark",低角度英雄式静物：一只古典杯置于深色石面上，主体位于下三分，上方留出戏剧暗部与柔和光晕。酒体为发亮的金琥珀色谷物威士忌古典调，浇于一颗通透大冰球上，晶莹半透，杯口搭一条橙皮卷与一枝新鲜薄荷，透出德梅拉拉糖的醇厚，杯身微凝水珠。暖调定向钨丝光勾勒冰球、映衬深暗阴影，电影暗调，浅景深奶油散景，85mm感，超精细，写实，8k。
1253,Glimpse of Seduction,诱惑一瞥,,冰沙分层俯45,high-angle 45 overhead / off-center,output/images/1253_glimpse_of_seduction.jpg,success,"Elegant high-angle 45-degree still-life of a single coupe glass on a pale stone surface, subject offset to reveal the tabletop. A frozen blended cocktail, pale rosy-pink and smooth like sorbet, topped with a deep ruby pomegranate-liqueur float layered on the surface, a fresh lychee perched on the rim, delicate frosty texture and cool mist. Soft cool daylight from upper left casting a gentle shadow, refined pastel low-saturation palette, shallow depth of field, creamy bokeh, 100mm macro feel, hyper-detailed, photorealistic, 8k, single cocktail glass only, no other glasses, restrained harmonious low-saturation background, no text, no letters, no numbers, no logo, no watermark",优雅的45度高角度俯拍静物：一只碟形杯置于浅色石面，主体偏置露出台面。酒体为冰沙状的搅打鸡尾酒，淡玫瑰粉、如雪芭般顺滑，表面覆一层深红宝石色的石榴利口酒分层，杯沿架一颗新鲜荔枝，霜雾质感细腻。左上方柔和冷调日光投出淡影，淡雅低饱和粉彩色调，浅景深奶油散景，100mm微距感，超精细，写实，8k。
1249,Ch?teau Montifaud Creation,蒙蒂福城堡特调,,干邑柠檬环境景,wide environmental / subject small,output/images/1249_ch_teau_montifaud_creation.jpg,success,"Wide environmental still-life, a single highball glass standing small within a softly lit bistro corner, subject about a quarter of the frame with ambient space around it. A pale golden cognac-lemonade cooler over clear ice cubes, gently cloudy with fine effervescence, a bright twisted lemon peel on the rim, cool beading on the glass. Warm ambient daylight with soft bokeh of a blurred window behind, relaxed low-saturation palette, shallow depth of field, 85mm feel, hyper-detailed, photorealistic, 8k, single cocktail glass only, no other glasses, restrained harmonious low-saturation background, no text, no letters, no numbers, no logo, no watermark",广角环境静物：一只高球杯较小地立于柔光小酒馆一角，主体约占画幅四分之一，四周环境留白。酒体为淡金色的干邑柠檬清凉调，浇于通透方冰上，微浑且带细腻气泡，杯沿一条明亮柠檬皮卷，杯身凝结冷珠。暖调环境日光，背后虚化窗景散景，慵懒低饱和色调，浅景深，85mm感，超精细，写实，8k。
1258,Profundo,深邃,,奶油分层一角,minimalist negative space / corner,output/images/1258_profundo.jpg,success,"Minimalist decadent still-life, a single stemmed cocktail glass pushed to the lower-left corner with vast clean negative space and soft shadow. A deep mahogany-red chocolate-cherry bourbon cocktail crowned with a half-inch layer of lightly whipped cream floating on top, a single fresh cherry nested in the cream, elegant contrast of dark liquid and pale foam, subtle sheen. Warm low side light against a deep shadowed backdrop, indulgent moody palette, shallow depth of field, creamy bokeh, 100mm macro feel, hyper-detailed, photorealistic, 8k, single cocktail glass only, no other glasses, restrained harmonious low-saturation background, no text, no letters, no numbers, no logo, no watermark",极简奢华静物：一只高脚鸡尾酒杯被推到画面左下角，其余是大片干净负空间与柔和阴影。酒体为深赤褐红的巧克力樱桃波本鸡尾酒，顶部漂浮约一厘米厚的轻打发奶油层，奶油中央嵌一颗新鲜樱桃，深色酒液与浅色泡沫优雅对比，泛着微光。暖调低位侧光映衬深暗背景，纵情而有情绪的色调，浅景深奶油散景，100mm微距感，超精细，写实，8k。
1282,The Rusty Tack,生锈的图钉,Rocks Glass,姜味威士忌框景,foreground framing / through blur,output/images/1282_the_rusty_tack.jpg,success,"Layered still-life shot through a soft blurred foreground of amber glass, a single rocks glass in the mid-ground offset from center, strong depth. A golden-amber ginger-liqueur and single-malt sipper over a large clear ice cube, richly translucent and glowing warmly, no garnish, elegant chill sheen and light condensation. Warm tungsten side light against a shadowed backdrop, refined masculine low-key palette, shallow depth of field, creamy bokeh, 85mm macro feel, hyper-detailed, photorealistic, 8k, single cocktail glass only, no other glasses, restrained harmonious low-saturation background, no text, no letters, no numbers, no logo, no watermark",层次感静物，透过虚化的琥珀色玻璃前景拍摄：一只古典杯位于中景、偏离正中，纵深强烈。酒体为金琥珀色的姜味利口酒配单一麦芽小酌，浇于一块通透大冰上，浓郁半透、暖调发光，无装饰，杯身泛冷凝光泽与微珠。暖钨丝侧光映衬阴影背景，考究硬朗暗调，浅景深奶油散景，85mm微距感，超精细，写实，8k。
1332,Frankie and Johnnie,弗兰基与约翰尼,,金橙长焦压缩,telephoto compression / off-center third,output/images/1332_frankie_and_johnnie.jpg,success,"Cinematic telephoto still-life, a single coupe glass on the right third line with deep compressed creamy bokeh of a warm interior behind, shallow focal plane. A golden-orange ginger and apple-brandy sour served up, crystal clear and bright, a thin lemon wheel notched on the rim, delicate surface sheen, clean stem. Soft warm directional light rimming the bowl against gentle shadow, elegant low-key palette, 135mm compression, creamy bokeh, hyper-detailed, photorealistic, 8k, single cocktail glass only, no other glasses, restrained harmonious low-saturation background, no text, no letters, no numbers, no logo, no watermark",电影感长焦静物：一只碟形杯置于右侧三分线，背后是深邃压缩的暖调室内奶油散景，焦平面浅。酒体为金橙色的姜味苹果白兰地酸酒，净饮上桌，晶莹明亮，杯沿卡一片薄柠檬轮，酒面泛微光，杯脚洁净。柔和暖调定向光勾勒杯身、映衬淡影，优雅暗调，135mm压缩，奶油散景，超精细，写实，8k。
1344,Pants off Dance off,脱裤起舞,,石榴粉俯拍,off-center flat lay / top-down,output/images/1344_pants_off_dance_off.jpg,success,"Overhead top-down flat-lay still-life, a single coupe glass placed off-center on a matte charcoal surface, clean surrounding space with a small lime wedge nearby. A rosy-pink gin and aperitif cocktail tinted with grenadine, jewel-clear from above with a faint frothy cap from the beer top, delicate surface bubbles. Soft diffused side light casting a gentle shadow across the matte surface, muted romantic low-saturation palette, shallow depth of field, 100mm feel, hyper-detailed, photorealistic, 8k, single cocktail glass only, no other glasses, restrained harmonious low-saturation background, no text, no letters, no numbers, no logo, no watermark",90度俯拍平铺静物：一只碟形杯偏置于哑光炭灰台面上，周围留白，一旁一小块青柠角。酒体为玫瑰粉的金酒开胃酒鸡尾酒、以红石榴糖浆染色，俯视晶莹通透，顶部因加啤酒而带一层淡淡泡沫盖，表面细泡。柔和漫射侧光在哑光台面投出淡影，克制浪漫低饱和色调，浅景深，100mm感，超精细，写实，8k。
1356,Pistachio Follies,开心果狂想曲,,开心果奶香剪影,distant backlit rim / subject to side,output/images/1356_pistachio_follies.jpg,success,"Quiet cinematic still-life, a single stemmed cocktail glass set small to one side, backlit by a soft warm glow rimming its silhouette, large atmospheric space dominating. A creamy pale green-brown pistachio cocktail, opaque and velvety, a crushed-pistachio rim, chocolate-syrup swirls patterning the inner glass, a light dusting of ground pistachio on the surface. Warm side-back light with a distant tiny warm accent, serene indulgent palette, shallow depth of field, creamy bokeh, 85mm feel, hyper-detailed, photorealistic, 8k, single cocktail glass only, no other glasses, restrained harmonious low-saturation background, no text, no letters, no numbers, no logo, no watermark",静谧电影感静物：一只高脚鸡尾酒杯较小地置于画面一侧，被柔和暖光逆光勾出轮廓，大片氛围空间主导画面。酒体为奶香淡绿棕色的开心果鸡尾酒，绵密不透明，杯沿裹碎开心果，杯内壁旋着巧克力糖浆纹路，酒面薄撒开心果碎。暖调侧逆光配远处一点极小暖光，宁静纵情色调，浅景深奶油散景，85mm感，超精细，写实，8k。
1353,Vesper's Sister,薇丝朋的姐妹,Martini,冷蓝马天尼左置,off-center-left / medium,output/images/1353_vesper_s_sister.jpg,success,"Elegant cool-toned still-life of a single martini glass on a polished dark surface, subject on the left third with cool negative space to the right, medium shot. A crystal-clear cocktail with a faint icy pale-blue tint, pristine and bright, a lemon twist and an orange twist draped over the rim, tiny surface chill, a clean stem with soft reflection below. Cool moonlit blue side light with a small distant warm accent, sleek minimalist low-key palette, shallow depth of field, creamy bokeh, 100mm macro feel, hyper-detailed, photorealistic, 8k, single cocktail glass only, no other glasses, restrained harmonious low-saturation background, no text, no letters, no numbers, no logo, no watermark",优雅冷调静物：一只马天尼杯置于抛光深色台面左侧三分处，右侧冷调留白，中景。酒体晶莹通透、带一抹冰冷的淡蓝色泽，纯净明亮，杯沿搭一条柠檬皮卷与一条橙皮卷，表面泛微凉，杯脚洁净、下方柔和倒影。冷调月光蓝侧光配远处一点极小暖光，利落极简暗调，浅景深奶油散景，100mm微距感，超精细，写实，8k。
1545,Lucky No.3,幸运三号,Old Fashioned Glass,橘红开胃酒右置,off-center-right / medium,output/images/1545_lucky_no_3.jpg,success,"Moody still-life of a single Old Fashioned glass on a dark marble bar, subject on the right third with soft shadowed space to the left, medium shot. A glowing reddish-orange gin aperitivo stir over one large clear ice cube, richly translucent with a bittersweet ruby-orange hue, a long grapefruit twist curling over the rim, faint condensation. Warm directional light rakes the glass against a dim backdrop, sophisticated low-key palette, shallow depth of field, creamy bokeh, 85mm macro feel, hyper-detailed, photorealistic, 8k, single cocktail glass only, no other glasses, restrained harmonious low-saturation background, no text, no letters, no numbers, no logo, no watermark",暗调静物：一只古典杯置于深色大理石吧台右侧三分处，左侧柔和阴影留白，中景。酒体为发亮的橘红色金酒开胃搅拌调，浇于一块通透大冰上，浓郁半透、带苦甜的红橙色泽，一条长西柚皮卷曲搭在杯沿，杯身微凝水珠。暖调定向光扫过酒杯、映衬昏暗背景，考究暗调，浅景深奶油散景，85mm微距感，超精细，写实，8k。
1421,Donaji,多纳希,Rocks Glass,梅斯卡尔盐边仰视,low-angle hero / subject lower third,output/images/1421_donaji.jpg,success,"Low-angle hero still-life of a single rocks glass on dark rustic stone, subject in the lower third with dramatic dark space and a faint light bloom above. A pale greenish-yellow mezcal sour over fresh ice, brightly translucent, a rustic chapuline-salt and chile rim in earthy reddish-brown, a delicate curl of smoky aroma just above the surface, cool beading. Warm side light rakes the rim while a soft haze lingers, cinematic smoky low-key palette, shallow depth of field, creamy bokeh, 85mm feel, hyper-detailed, photorealistic, 8k, single cocktail glass only, no other glasses, restrained harmonious low-saturation background, no text, no letters, no numbers, no logo, no watermark",低角度英雄式静物：一只古典杯置于深色粗朴石面上，主体位于下三分，上方留出戏剧暗部与淡淡光晕。酒体为淡黄绿色的梅斯卡尔酸酒，浇于新鲜冰上，明亮半透，杯沿是质朴的蚱蜢盐与辣椒边、呈土红棕色，酒面上方飘一缕烟熏香气，杯身微凝冷珠。暖侧光扫过杯缘、薄雾萦绕，电影烟熏暗调，浅景深奶油散景，85mm感，超精细，写实，8k。
1439,El Mustavo,埃尔·穆斯塔沃,,烟熏尼格罗尼俯45,high-angle 45 overhead / off-center,output/images/1439_el_mustavo.jpg,success,"Moody high-angle 45-degree still-life of a single rocks glass on dark slate, subject offset to reveal the surface. A deep red-amber mezcal negroni-style drink over one big two-inch clear ice cube, richly translucent and glowing, a birch-smoked sea-salt rim, an elegant bow-tie folded orange peel resting on top, a faint smoky wisp above, subtle sheen. Dramatic warm directional light from upper left casting a crisp shadow, cinematic smoky low-key palette, shallow depth of field, creamy bokeh, 100mm feel, hyper-detailed, photorealistic, 8k, single cocktail glass only, no other glasses, restrained harmonious low-saturation background, no text, no letters, no numbers, no logo, no watermark",暗调45度高角度俯拍静物：一只古典杯置于深色石板上，主体偏置露出台面。酒体为深红琥珀色的梅斯卡尔尼格罗尼风格调酒，浇于一块两英寸通透大冰上，浓郁半透、隐隐发光，桦木烟熏海盐边，杯口停一枚优雅的蝴蝶结折叠橙皮，上方一缕淡烟，泛微光。左上方戏剧暖调定向光投出利落阴影，电影烟熏暗调，浅景深奶油散景，100mm感，超精细，写实，8k。
1516,Soleo,索莱欧,,冰凝利口酒环境,wide environmental / subject small,output/images/1516_soleo.jpg,success,"Wide environmental still-life, a single small cordial glass standing tiny within a softly lit setting, subject about a quarter of the frame with generous ambient space. A cloudy pale lemon-green herbal-limoncello liqueur served ice-cold with no ice, frosty chilled sheen fogging the small glass, a fresh lemon verbena sprig tucked at the rim, no dilution. Soft cool daylight with a gentle bokeh backdrop, fresh restrained low-saturation palette, shallow depth of field, 85mm feel, hyper-detailed, photorealistic, 8k, single cocktail glass only, no other glasses, restrained harmonious low-saturation background, no text, no letters, no numbers, no logo, no watermark",广角环境静物：一只小巧的利口酒杯极小地立于柔光场景中，主体约占画幅四分之一，四周环境留白丰富。酒体为微浑的淡柠檬绿草本柠檬切罗利口酒，冰镇上桌、无冰，冰凉雾气笼罩小杯身，杯沿别一支新鲜柠檬马鞭草，无稀释。柔和冷调日光配轻柔散景背景，清新克制低饱和色调，浅景深，85mm感，超精细，写实，8k。
1531,The Fifth Star,第五星,,深咖苦酒一角,minimalist negative space / corner,output/images/1531_the_fifth_star.jpg,success,"Minimalist dark still-life, a single stemmed cocktail glass pushed to the upper-right corner with vast clean negative space and deep gradient shadow. A very dark brown-black whisky and amaro stir laced with cold coffee, nearly opaque with a glossy espresso-like surface catching a single highlight, no garnish, elegant sheen. Warm low side light glinting off the dark liquid against a deep shadowed backdrop, brooding low-key palette, shallow depth of field, creamy bokeh, 100mm macro feel, hyper-detailed, photorealistic, 8k, single cocktail glass only, no other glasses, restrained harmonious low-saturation background, no text, no letters, no numbers, no logo, no watermark",极简暗调静物：一只高脚鸡尾酒杯被推到画面右上角，其余是大片干净负空间与深色渐变阴影。酒体为极深棕黑色的威士忌苦酒搅拌调、融入冷萃咖啡，近乎不透明，表面如意式浓缩般光亮、映着一点高光，无装饰，泛优雅光泽。暖调低位侧光在深色酒液上闪烁、映衬深暗背景，深沉暗调，浅景深奶油散景，100mm微距感，超精细，写实，8k。
1554,The King's Ginger Truffles,国王姜味松露,,姜味巧克力框景,foreground framing / through blur,output/images/1554_the_king_s_ginger_truffles.jpg,success,"Intimate still-life shot through a soft blurred foreground of dark chocolate pieces, a single small stemmed glass in the mid-ground offset from center, layered warm depth. The vessel holds a thick glossy dark-chocolate ganache drink laced with ginger liqueur, deep cocoa-brown and velvety, a scatter of finely chopped candied stem ginger on top, rich silky surface. Warm low tungsten light glowing against a deep shadowed backdrop, decadent moody palette, shallow depth of field, dreamy creamy bokeh, 85mm macro feel, hyper-detailed, photorealistic, 8k, single cocktail glass only, no other glasses, restrained harmonious low-saturation background, no text, no letters, no numbers, no logo, no watermark",亲密感静物，透过虚化的前景黑巧克力块拍摄：一只小巧高脚杯位于中景、偏离正中，暖调纵深分明。杯中盛着浓稠光亮的黑巧克力甘纳许饮品、融入姜味利口酒，深可可棕、丝绒质感，表面点缀切碎的糖渍姜茎，绵密光滑。暖调低位钨丝光映衬深暗背景，纵情而有情绪的色调，浅景深梦幻奶油散景，85mm微距感，超精细，写实，8k。
1552,The Greatest Punch on Earth,世上最棒的宾治,,琥珀皮斯科长焦,telephoto compression / off-center third,output/images/1552_the_greatest_punch_on_earth.jpg,success,"Cinematic telephoto still-life, a single stemmed cocktail glass on the right third line with deep compressed creamy bokeh of a dim bar behind, shallow focal plane. A deep amber-brown pisco and sherry-cider stir, richly translucent with warm chestnut highlights, no ice, no garnish, a clean elegant surface with a faint sheen, polished stem. Warm directional light rims the bowl against cool shadow, refined low-key palette, 135mm compression, creamy bokeh, hyper-detailed, photorealistic, 8k, single cocktail glass only, no other glasses, restrained harmonious low-saturation background, no text, no letters, no numbers, no logo, no watermark",电影感长焦静物：一只高脚鸡尾酒杯置于右侧三分线，背后是深邃压缩的昏暗酒吧奶油散景，焦平面浅。酒体为深琥珀棕的皮斯科雪莉苹果西打搅拌调，浓郁半透、带温暖栗色高光，无冰无装饰，酒面洁净优雅、泛微光，杯脚光亮。暖调定向光勾勒杯身、映衬冷调阴影，考究暗调，135mm压缩，奶油散景，超精细，写实，8k。
1562,Potrero Hill,波特雷罗山,,蜜桃姜啤俯拍,off-center flat lay / top-down,output/images/1562_potrero_hill.jpg,success,"Overhead top-down flat-lay still-life, a single tall highball glass placed off-center on a pale wood surface, clean surrounding space with a thin grapefruit twist nearby. A pale peachy-amber gin and ginger-beer cooler over clear ice, lightly effervescent with fine rising bubbles seen from above, gently translucent, delicate condensation ring on the wood. Soft diffused daylight from one side casting a gentle shadow, fresh low-saturation palette, shallow depth of field, 100mm feel, hyper-detailed, photorealistic, 8k, single cocktail glass only, no other glasses, restrained harmonious low-saturation background, no text, no letters, no numbers, no logo, no watermark",90度俯拍平铺静物：一只高身高球杯偏置于浅色木面上，周围留白，一旁一条细西柚皮卷。酒体为淡蜜桃琥珀色的金酒姜汁啤酒清凉调，浇于通透冰上，俯视可见细密上升气泡，微微半透，木面留一圈冷凝水痕。单侧柔和漫射日光投出淡影，清新低饱和色调，浅景深，100mm感，超精细，写实，8k。
903,Flor de Amaras,阿玛拉斯之花,,木槿红花瓣剪影,distant backlit rim / subject to side,output/images/903_flor_de_amaras.jpg,success,"Quiet cinematic still-life, a single stemmed cocktail glass set small to one side, backlit by a soft warm glow rimming its silhouette, large atmospheric space dominating. A deep magenta-crimson mezcal hibiscus cooler over ice, jewel-translucent and glowing ruby at the edges, lightly effervescent from soda, a scatter of orange marigold petals floating on the surface, a faint smoky aroma above. Warm side-back light with a distant tiny accent, serene smoky low-key palette, shallow depth of field, creamy bokeh, 85mm feel, hyper-detailed, photorealistic, 8k, single cocktail glass only, no other glasses, restrained harmonious low-saturation background, no text, no letters, no numbers, no logo, no watermark",静谧电影感静物：一只高脚鸡尾酒杯较小地置于画面一侧，被柔和暖光逆光勾出轮廓，大片氛围空间主导画面。酒体为深洋红胭脂色的梅斯卡尔木槿清凉调，浇于冰上，宝石般半透、边缘泛红宝石光，苏打带来轻盈气泡，酒面漂着橙色金盏花瓣，上方一缕淡淡烟熏香。暖调侧逆光配远处一点极小暖光，宁静烟熏暗调，浅景深奶油散景，85mm感，超精细，写实，8k。
909,Wabash Avenue Sour,瓦巴什大道酸酒,Coupe,酸酒奶泡左置,off-center-left / medium,output/images/909_wabash_avenue_sour.jpg,success,"Soft editorial still-life of a single coupe glass on a smooth pale surface, subject on the left third with airy negative space to the right, medium shot. An amber-rose bourbon sour beneath a silky egg-white foam crown, a few drops of ruby rhubarb bitters dotted and dragged across the foam in a delicate pattern, translucent body below, clean stem. Soft diffused daylight from the right, refined low-saturation palette, shallow depth of field, creamy bokeh, 100mm macro feel, hyper-detailed, photorealistic, 8k, single cocktail glass only, no other glasses, restrained harmonious low-saturation background, no text, no letters, no numbers, no logo, no watermark",柔和编辑风静物：一只碟形杯置于光滑浅色台面左侧三分处，右侧轻盈留白，中景。酒体为琥珀玫瑰色的波本酸酒，覆一层丝滑蛋清奶泡，泡沫上以红宝石色大黄苦精点缀拉花，泡沫下酒液半透，杯脚洁净。右侧柔和漫射日光，考究低饱和色调，浅景深奶油散景，100mm微距感，超精细，写实，8k。
912,King's Snap the Chocolate Out of You,国王的姜饼诱惑,Rocks Glass,巧克力棉花糖右置,off-center-right / medium,output/images/912_king_s_snap_the_chocolate_out_of_you.jpg,success,"Cozy still-life of a single rocks glass on a warm wood surface, subject on the right third with soft negative space to the left, medium shot. A rich milk-chocolate and ginger cocktail, opaque and velvety cocoa-brown, no ice, crowned with a pillowy dollop of toasted marshmallow whipped cream, a sprinkle of crumbled gingersnap on top, indulgent texture. Warm side light and gentle shadow, comforting low-saturation palette, shallow depth of field, creamy bokeh, 85mm macro feel, hyper-detailed, photorealistic, 8k, single cocktail glass only, no other glasses, restrained harmonious low-saturation background, no text, no letters, no numbers, no logo, no watermark",温暖静物：一只古典杯置于暖色木面右侧三分处，左侧柔和留白，中景。酒体为醇厚的牛奶巧克力姜味鸡尾酒，绵密不透明、呈可可棕，无冰，顶部挤一团松软的烤棉花糖打发奶油，撒上姜饼碎，质感纵情。暖调侧光配柔和阴影，温馨低饱和色调，浅景深奶油散景，85mm微距感，超精细，写实，8k。
907,The Bittered Valley,苦味山谷,,深红苦酒仰视,low-angle hero / subject lower third,output/images/907_the_bittered_valley.jpg,success,"Moody low-angle hero still-life, a single stemmed cocktail glass on aged dark wood, subject in the lower third with dramatic dark space and a soft light halo above. A deep reddish-brown pisco and amaro bitter stir served up, richly translucent with a mahogany glow, no ice, no garnish, an elegant glossy surface catching a highlight. Warm tungsten side light rims the bowl against deep shadow, cinematic brooding low-key palette, shallow depth of field, creamy bokeh, 85mm feel, hyper-detailed, photorealistic, 8k, single cocktail glass only, no other glasses, restrained harmonious low-saturation background, no text, no letters, no numbers, no logo, no watermark",暗调低角度英雄式静物：一只高脚鸡尾酒杯置于做旧深色木面上，主体位于下三分，上方留出戏剧暗部与柔和光晕。酒体为深红棕的皮斯科苦酒搅拌调，净饮上桌，浓郁半透、泛赤褐光，无冰无装饰，酒面光亮映着一点高光。暖钨丝侧光勾勒杯身、映衬深暗阴影，电影深沉暗调，浅景深奶油散景，85mm感，超精细，写实，8k。
917,Paradiso Sun,天堂阳光,Nick & Nora,柑橘金杜松俯45,high-angle 45 overhead / off-center,output/images/917_paradiso_sun.jpg,success,"Bright high-angle 45-degree still-life of a single Nick & Nora glass on a pale marble surface, subject offset to reveal the clean tabletop. A pale sunny orange-yellow gin sour, crystal clear and bright, a thin orange wedge on the rim and a scattering of dark juniper berries resting on the surface, delicate chill, clean stem. Soft diffused daylight from upper right casting a gentle shadow, fresh low-saturation palette, shallow depth of field, creamy bokeh, 100mm macro feel, hyper-detailed, photorealistic, 8k, single cocktail glass only, no other glasses, restrained harmonious low-saturation background, no text, no letters, no numbers, no logo, no watermark",明亮的45度高角度俯拍静物：一只尼克诺拉杯置于浅色大理石面，主体偏置露出干净台面。酒体为淡阳光橙黄的金酒酸酒，晶莹明亮，杯沿一小片橙角，酒面散落几颗深色杜松子，微凉，杯脚洁净。右上方柔和漫射日光投出淡影，清新低饱和色调，浅景深奶油散景，100mm微距感，超精细，写实，8k。
924,A.Nise,A.Nise,Rocks Glass,热带琥珀环境景,wide environmental / subject small,output/images/924_a_nise.jpg,success,"Wide environmental still-life, a single rocks glass standing small within a warm softly-lit tropical nook, subject about a quarter of the frame with ambient space around. A golden tropical amber rum sour over fresh ice, richly translucent, a whole star anise and two thin lemongrass slices as garnish on the rim, delicate condensation. Warm ambient light with soft foliage bokeh behind kept low in saturation, relaxed low-key palette, shallow depth of field, 85mm feel, hyper-detailed, photorealistic, 8k, single cocktail glass only, no other glasses, restrained harmonious low-saturation background, no text, no letters, no numbers, no logo, no watermark",广角环境静物：一只古典杯较小地立于暖光热带角落，主体约占画幅四分之一，四周环境留白。酒体为金色热带琥珀的朗姆酸酒，浇于新鲜冰上，浓郁半透，杯沿以一颗完整八角与两片薄柠檬草装饰，杯身微凝水珠。暖调环境光配背后低饱和的柔和绿植散景，慵懒暗调，浅景深，85mm感，超精细，写实，8k。
928,The Mad King,疯狂国王,Highball Glass,威士忌姜味一角,minimalist negative space / corner,output/images/928_the_mad_king.jpg,success,"Minimalist still-life, a single tall highball glass nudged to the lower-left corner with vast clean negative space and soft gradient shadow. A golden-amber scotch and ginger highball over clear ice, richly translucent and glowing, a charred flamed lemon peel resting inside with a faint wisp of smoke curling up, delicate condensation. Warm directional light grazing from the right, sophisticated low-saturation palette, shallow depth of field, creamy bokeh, 100mm macro feel, hyper-detailed, photorealistic, 8k, single cocktail glass only, no other glasses, restrained harmonious low-saturation background, no text, no letters, no numbers, no logo, no watermark",极简静物：一只高身高球杯被推到画面左下角，其余是大片干净负空间与柔和渐变阴影。酒体为金琥珀色的苏格兰威士忌姜味高球，浇于通透冰上，浓郁半透、隐隐发光，杯中放一片炙烤过的柠檬皮、上方缭绕一缕淡烟，杯身微凝水珠。右侧暖调定向光掠过，考究低饱和色调，浅景深奶油散景，100mm微距感，超精细，写实，8k。
923,The King's Medicine,国王的良药,Coupe,姜味苦酒框景,foreground framing / through blur,output/images/923_the_king_s_medicine.jpg,success,"Layered still-life shot through a soft blurred foreground of dark bottles, a single coupe glass in the mid-ground offset from center, strong depth. A golden-amber ginger and fernet sour, gently translucent with a faint herbal haze, a slender lemon twist draped over the rim, delicate surface sheen, clean stem. Warm tungsten side light against a shadowed backdrop, refined low-key palette, shallow depth of field, creamy bokeh, 85mm macro feel, hyper-detailed, photorealistic, 8k, single cocktail glass only, no other glasses, restrained harmonious low-saturation background, no text, no letters, no numbers, no logo, no watermark",层次感静物，透过虚化的前景深色酒瓶拍摄：一只碟形杯位于中景、偏离正中，纵深强烈。酒体为金琥珀色的姜味菲奈特酸酒，微微半透、带一丝草本雾感，杯沿搭一条纤细柠檬皮卷，酒面泛微光，杯脚洁净。暖钨丝侧光映衬阴影背景，考究暗调，浅景深奶油散景，85mm微距感，超精细，写实，8k。
930,Lux Shandy,乐莎香迪,Highball Glass,橙金香迪长焦,telephoto compression / off-center third,output/images/930_lux_shandy.jpg,success,"Cinematic telephoto still-life, a single tall highball glass on the left third line with deep compressed creamy bokeh of a bright interior behind, shallow focal plane. An orange-amber aperitivo shandy over clear ice topped with pale golden lager foam, lively fine bubbles rising, translucent citrus body, a half orange wheel notched on the rim, cool condensation. Soft warm directional light rims the glass, fresh low-saturation palette, 135mm compression, creamy bokeh, hyper-detailed, photorealistic, 8k, single cocktail glass only, no other glasses, restrained harmonious low-saturation background, no text, no letters, no numbers, no logo, no watermark",电影感长焦静物：一只高身高球杯置于左侧三分线，背后是深邃压缩的明亮室内奶油散景，焦平面浅。酒体为橙琥珀色的开胃酒香迪，浇于通透冰上，顶覆淡金拉格啤酒泡沫，细密气泡活跃上升，柑橘酒体半透，杯沿卡半片橙轮，杯身凝结冷珠。柔和暖调定向光勾勒杯身，清新低饱和色调，135mm压缩，奶油散景，超精细，写实，8k。
929,The Robert Baratheon,劳勃·拜拉席恩,Coupe,苏威士忌俯拍,off-center flat lay / top-down,output/images/929_the_robert_baratheon.jpg,success,"Overhead top-down flat-lay still-life, a single coupe glass placed off-center on a dark honed stone surface, clean space with a dark cherry resting nearby. A pale amber-gold single-malt scotch stir served up, brilliantly clear and translucent, a single dark Luxardo cherry sunk at the bottom seen from above, a faint smoky depth, elegant surface sheen. Dramatic hard directional light from one side casting a crisp shadow, moody low-key palette, shallow depth of field, 100mm feel, hyper-detailed, photorealistic, 8k, single cocktail glass only, no other glasses, restrained harmonious low-saturation background, no text, no letters, no numbers, no logo, no watermark",90度俯拍平铺静物：一只碟形杯偏置于深色哑光石面上，周围留白，一旁一颗深色樱桃。酒体为淡琥珀金的单一麦芽苏格兰威士忌搅拌调，净饮上桌，晶莹半透，俯视可见杯底沉着一颗深色路萨朵樱桃，透出淡淡烟熏纵深，酒面泛优雅光泽。单侧戏剧硬光投出利落阴影，暗调，浅景深，100mm感，超精细，写实，8k。
936,The Bitter King,苦味国王,Martini,金黄姜味剪影,distant backlit rim / subject to side,output/images/936_the_bitter_king.jpg,success,"Quiet cinematic still-life, a single martini glass set small to one side, backlit by a soft warm glow rimming its silhouette, large atmospheric space dominating. A pale golden ginger-liqueur sour, crystal clear and bright, a single dark Luxardo cherry resting at the bottom of the cone, delicate surface chill, elegant thin stem. Warm side-back light with a distant tiny accent, serene low-key palette, shallow depth of field, creamy bokeh, 85mm feel, hyper-detailed, photorealistic, 8k, single cocktail glass only, no other glasses, restrained harmonious low-saturation background, no text, no letters, no numbers, no logo, no watermark",静谧电影感静物：一只马天尼杯较小地置于画面一侧，被柔和暖光逆光勾出轮廓，大片氛围空间主导画面。酒体为淡金色的姜味利口酒酸酒，晶莹明亮，锥形杯底沉着一颗深色路萨朵樱桃，表面微凉，杯脚纤细优雅。暖调侧逆光配远处一点极小暖光，宁静暗调，浅景深奶油散景，85mm感，超精细，写实，8k。
941,La Batida Loca,疯狂巴蒂达,Collins,百香奶昔左置,off-center-left / medium,output/images/941_la_batida_loca.jpg,success,"Bright tropical still-life of a single tall Collins glass on a pale surface, subject on the left third with airy negative space to the right, medium shot. A creamy pale orange-yellow cachaca and condensed-milk cooler over ice, opaque and silky, a spoonful of golden passion-fruit pulp with dark seeds floating on top, delicate condensation. Soft warm daylight from the right, relaxed low-saturation palette, shallow depth of field, creamy bokeh, 85mm macro feel, hyper-detailed, photorealistic, 8k, single cocktail glass only, no other glasses, restrained harmonious low-saturation background, no text, no letters, no numbers, no logo, no watermark",明亮热带静物：一只高身可林杯置于浅色台面左侧三分处，右侧轻盈留白，中景。酒体为奶香淡橙黄的卡莎萨炼乳清凉调，浇于冰上，绵密丝滑不透明，顶部漂一勺带黑籽的金色百香果肉，杯身微凝水珠。右侧柔和暖调日光，慵懒低饱和色调，浅景深奶油散景，85mm微距感，超精细，写实，8k。
938,San Francisco Strong (Skrong),旧金山强袭,Cocktail Glass,苦橙酸酒右置,off-center-right / medium,output/images/938_san_francisco_strong_skrong.jpg,success,"Soft editorial still-life of a single chilled cocktail glass on a smooth pale surface, subject on the right third with airy negative space to the left, medium shot. A pale amber bitter gin sour beneath a fine silky egg-white foam crown, a light dusting sprinkled across the foam, translucent body below, clean stem. Soft diffused daylight from the left, refined low-saturation palette, shallow depth of field, creamy bokeh, 100mm macro feel, hyper-detailed, photorealistic, 8k, single cocktail glass only, no other glasses, restrained harmonious low-saturation background, no text, no letters, no numbers, no logo, no watermark",柔和编辑风静物：一只冰镇鸡尾酒杯置于光滑浅色台面右侧三分处，左侧轻盈留白，中景。酒体为淡琥珀色的苦味金酒酸酒，覆一层丝滑蛋清奶泡，泡沫上薄撒点缀，泡沫下酒液半透，杯脚洁净。左侧柔和漫射日光，考究低饱和色调，浅景深奶油散景，100mm微距感，超精细，写实，8k。
954,Off the Radar,雷达之外,Collins,紫罗兰汤力仰视,low-angle hero / subject lower third,output/images/954_off_the_radar.jpg,success,"Low-angle hero still-life of a single tall Collins glass on a dark surface, subject in the lower third with dramatic dark space and a soft light bloom above. A pale lilac-violet gin and tonic cooler over clear ice, luminous and translucent with a delicate lavender tint, gentle tonic effervescence with tiny bubbles rising, a lemon wheel tucked against the ice, cool beading. Warm side light rakes the tall column against shadow, elegant low-key palette, shallow depth of field, creamy bokeh, 85mm feel, hyper-detailed, photorealistic, 8k, single cocktail glass only, no other glasses, restrained harmonious low-saturation background, no text, no letters, no numbers, no logo, no watermark",低角度英雄式静物：一只高身可林杯置于深色台面上，主体位于下三分，上方留出戏剧暗部与柔和光晕。酒体为淡丁香紫的金酒汤力清凉调，浇于通透冰上，通透发光、带细腻薰衣草色泽，汤力气泡轻柔上升，一片柠檬轮靠在冰旁，杯身凝结冷珠。暖侧光扫过高杯、映衬阴影，优雅暗调，浅景深奶油散景，85mm感，超精细，写实，8k。
952,Mule Pigeon,骡子鸽,Highball Glass,姜啤铜色俯45,high-angle 45 overhead / off-center,output/images/952_mule_pigeon.jpg,success,"Bright high-angle 45-degree still-life of a single tall highball glass on a pale stone surface, subject offset to reveal the tabletop. A pale coppery-amber rum and ginger-beer mule over cubed ice, lightly effervescent with fine bubbles, gently translucent, a fresh basil sprig tucked in at the rim, cool condensation. Soft daylight from upper left casting a gentle shadow, fresh low-saturation palette, shallow depth of field, creamy bokeh, 100mm macro feel, hyper-detailed, photorealistic, 8k, single cocktail glass only, no other glasses, restrained harmonious low-saturation background, no text, no letters, no numbers, no logo, no watermark",明亮的45度高角度俯拍静物：一只高身高球杯置于浅色石面，主体偏置露出台面。酒体为淡铜琥珀色的朗姆姜汁啤酒骡子，浇于方冰上，轻盈气泡细密，微微半透，杯沿插一枝新鲜罗勒，杯身凝结冷珠。左上方柔和日光投出淡影，清新低饱和色调，浅景深奶油散景，100mm微距感，超精细，写实，8k。
965,Creek Ran Dry,溪流干涸,Coupe,梨白兰地环境景,wide environmental / subject small,output/images/965_creek_ran_dry.jpg,success,"Wide environmental still-life, a single small coupe glass standing modestly within a softly lit bar corner, subject about a quarter of the frame with ambient space around. A pale golden-amber barrel-aged pear brandy stir served up, crystal clear and translucent, no ice, a single orange twist resting on the rim, delicate surface sheen. Warm ambient light with soft blurred shelving bokeh behind kept low in saturation, refined dry low-key palette, shallow depth of field, 85mm feel, hyper-detailed, photorealistic, 8k, single cocktail glass only, no other glasses, restrained harmonious low-saturation background, no text, no letters, no numbers, no logo, no watermark",广角环境静物：一只小巧碟形杯从容地立于柔光酒吧一角，主体约占画幅四分之一，四周环境留白。酒体为淡金琥珀色的桶陈梨子白兰地搅拌调，净饮上桌，晶莹半透，无冰，杯沿搭一条橙皮卷，酒面泛微光。暖调环境光配背后低饱和的虚化置物架散景，考究干型暗调，浅景深，85mm感，超精细，写实，8k。
976,Buzzard's Bay,巴泽兹湾,Rocks Glass,普洱红茶一角,minimalist negative space / corner,output/images/976_buzzard_s_bay.jpg,success,"Minimalist still-life, a single rocks glass pushed to the upper-right corner with vast clean negative space and soft gradient shadow. A deep reddish-brown gin, cranberry and pu-erh-tea drink over one large clear ice block, richly translucent with a tea-stained hue, a thin whisper of pale brine foam on top, subtle chill sheen. Soft directional daylight grazing from the left, muted earthy low-saturation palette, shallow depth of field, creamy bokeh, 100mm macro feel, hyper-detailed, photorealistic, 8k, single cocktail glass only, no other glasses, restrained harmonious low-saturation background, no text, no letters, no numbers, no logo, no watermark",极简静物：一只古典杯被推到画面右上角，其余是大片干净负空间与柔和渐变阴影。酒体为深红棕色的金酒蔓越莓普洱茶调，浇于一块通透大冰上，浓郁半透、带茶染色泽，顶部一层极薄的淡盐味泡沫，杯身微凝冷光。左侧柔和定向日光掠过，低饱和大地色调，浅景深奶油散景，100mm微距感，超精细，写实，8k。
979,The King's Ginger Summer Cup,国王姜夏杯,,红莓夏杯框景,foreground framing / through blur,output/images/979_the_king_s_ginger_summer_cup.jpg,success,"Bright summery still-life shot through a soft blurred foreground of fresh strawberries, a single tall highball glass in the mid-ground offset from center, layered depth. A rosy red-pink ginger, cranberry and lemonade cooler over clear ice, brightly translucent and lightly effervescent, lemon wheels and strawberry slices tucked among the ice, cool condensation. Soft warm daylight with a gentle bokeh backdrop, fresh low-saturation palette, shallow depth of field, creamy bokeh, 85mm feel, hyper-detailed, photorealistic, 8k, single cocktail glass only, no other glasses, restrained harmonious low-saturation background, no text, no letters, no numbers, no logo, no watermark",明亮夏日静物，透过虚化的前景鲜草莓拍摄：一只高身高球杯位于中景、偏离正中，纵深分明。酒体为玫瑰红粉的姜味蔓越莓柠檬清凉调，浇于通透冰上，明亮半透、轻带气泡，柠檬轮与草莓片夹在冰间，杯身凝结冷珠。柔和暖调日光配轻柔散景背景，清新低饱和色调，浅景深奶油散景，85mm感，超精细，写实，8k。
982,Bitter Valencia,苦味瓦伦西亚,Nick & Nora,澄乳白长焦,telephoto compression / off-center third,output/images/982_bitter_valencia.jpg,success,"Cinematic telephoto still-life, a single Nick & Nora glass on the right third line with deep compressed creamy bokeh of a muted interior behind, shallow focal plane. A silky pale ivory clarified-milk bitter cocktail, softly translucent with a delicate satin sheen, no ice, a single orange twist perched on the rim, clean elegant stem. Soft warm directional light rims the bowl against gentle shadow, refined low-key palette, 135mm compression, creamy bokeh, hyper-detailed, photorealistic, 8k, single cocktail glass only, no other glasses, restrained harmonious low-saturation background, no text, no letters, no numbers, no logo, no watermark",电影感长焦静物：一只尼克诺拉杯置于右侧三分线，背后是深邃压缩的低调室内奶油散景，焦平面浅。酒体为丝滑淡象牙色的澄清牛奶苦味鸡尾酒，柔和半透、泛缎面光泽，无冰，杯沿架一条橙皮卷，杯脚洁净优雅。柔和暖调定向光勾勒杯身、映衬淡影，考究暗调，135mm压缩，奶油散景，超精细，写实，8k。
984,Little Ground Tapper,小地敲击者,Old Fashioned Glass,干邑琥珀俯拍,off-center flat lay / top-down,output/images/984_little_ground_tapper.jpg,success,"Overhead top-down flat-lay still-life, a single Old Fashioned glass placed off-center on a dark wood surface, clean space with a curled orange peel nearby. A golden-amber cognac old-fashioned over clear ice, richly translucent seen from above, an expressed orange peel resting on the surface, subtle chill sheen. Dramatic hard directional light from one side casting a crisp shadow across the grain, moody low-key palette, shallow depth of field, 100mm feel, hyper-detailed, photorealistic, 8k, single cocktail glass only, no other glasses, restrained harmonious low-saturation background, no text, no letters, no numbers, no logo, no watermark",90度俯拍平铺静物：一只古典杯偏置于深色木面上，周围留白，一旁一条橙皮卷。酒体为金琥珀色的干邑古典调，浇于通透冰上，俯视浓郁半透，酒面停一条挤香橙皮，杯身微凝冷光。单侧戏剧硬光在木纹上投出利落阴影，暗调，浅景深，100mm感，超精细，写实，8k。
985,Prince of Humbugs,骗子王子,Collins,咖啡波本剪影,distant backlit rim / subject to side,output/images/985_prince_of_humbugs.jpg,success,"Quiet cinematic still-life, a single tall Collins glass set small to one side, backlit by a soft warm glow rimming its silhouette, large atmospheric space dominating. A dark coffee-brown bourbon, bitter and cold-brew highball over clear ice, deeply translucent with mahogany edges, gentle soda effervescence, an expressed orange peel resting inside, cool condensation. Warm side-back light with a distant tiny accent, brooding low-key palette, shallow depth of field, creamy bokeh, 85mm feel, hyper-detailed, photorealistic, 8k, single cocktail glass only, no other glasses, restrained harmonious low-saturation background, no text, no letters, no numbers, no logo, no watermark",静谧电影感静物：一只高身可林杯较小地置于画面一侧，被柔和暖光逆光勾出轮廓，大片氛围空间主导画面。酒体为深咖啡棕的波本苦酒冷萃高球，浇于通透冰上，深邃半透、边缘泛赤褐，苏打气泡轻柔，杯中放一条挤香橙皮，杯身凝结冷珠。暖调侧逆光配远处一点极小暖光，深沉暗调，浅景深奶油散景，85mm感，超精细，写实，8k。
989,Rita's Song,丽塔之歌,Old Fashioned Glass,雪莉威士忌左置,off-center-left / medium,output/images/989_rita_s_song.jpg,success,"Moody spirit-forward still-life of a single Old Fashioned glass on aged dark wood, subject on the left third with soft shadowed space to the right, medium shot. A rich amber Japanese whisky and sherry old-fashioned over one large clear ice cube, brilliantly translucent and glowing warmly, no garnish, elegant chill sheen and faint condensation. Warm tungsten side light rakes the glass against a dim backdrop, refined low-key palette, shallow depth of field, creamy bokeh, 85mm macro feel, hyper-detailed, photorealistic, 8k, single cocktail glass only, no other glasses, restrained harmonious low-saturation background, no text, no letters, no numbers, no logo, no watermark",暗调、以烈酒为主角的静物：一只古典杯置于做旧深色木面左侧三分处，右侧柔和阴影留白，中景。酒体为醇厚琥珀色的日本威士忌雪莉古典调，浇于一块通透大冰上，晶莹半透、暖调发光，无装饰，杯身泛冷凝光泽与微珠。暖钨丝侧光扫过酒杯、映衬昏暗背景，考究暗调，浅景深奶油散景，85mm微距感，超精细，写实，8k。
994,La Chiara,拉基亚拉,Collins,淡金汤力右置,off-center-right / medium,output/images/994_la_chiara.jpg,success,"Bright still-life of a single tall Collins glass on a pale marble counter, subject on the right third with airy negative space to the left, medium shot. A pale straw-gold pisco and bitter bianco tonic over clear cubed ice, luminous and translucent, gentle tonic effervescence with fine bubbles, a lemon twist curled into a delicate flower on the rim, cool condensation. Soft daylight from the left, fresh low-saturation palette, shallow depth of field, creamy bokeh, 85mm macro feel, hyper-detailed, photorealistic, 8k, single cocktail glass only, no other glasses, restrained harmonious low-saturation background, no text, no letters, no numbers, no logo, no watermark",明亮静物：一只高身可林杯置于浅色大理石台面右侧三分处，左侧轻盈留白，中景。酒体为淡稻草金的皮斯科白色苦酒汤力，浇于通透方冰上，通透发光，汤力气泡细密轻柔，杯沿一条柠檬皮扭成精致花形，杯身凝结冷珠。左侧柔和日光，清新低饱和色调，浅景深奶油散景，85mm微距感，超精细，写实，8k。
987,The King's Squeeze,国王的挤压,,苦柠檬气泡仰视,low-angle hero / subject lower third,output/images/987_the_king_s_squeeze.jpg,success,"Low-angle hero still-life of a single tall highball glass on a pale surface, subject in the lower third with airy bright space above. A pale cloudy lemon-yellow ginger and bitter-lemon cooler over clear ice, gently effervescent with fine bubbles rising, softly translucent, a fresh lime wedge squeezed and dropped in, crisp condensation beads. Soft bright side light rakes the glass, fresh clean low-saturation palette, shallow depth of field, creamy bokeh, 85mm feel, hyper-detailed, photorealistic, 8k, single cocktail glass only, no other glasses, restrained harmonious low-saturation background, no text, no letters, no numbers, no logo, no watermark",低角度英雄式静物：一只高身高球杯置于浅色台面上，主体位于下三分，上方留出明亮清爽空间。酒体为淡浑柠檬黄的姜味苦柠檬清凉调，浇于通透冰上，细密气泡轻柔上升，柔和半透，一角挤过汁的新鲜青柠投入杯中，杯身凝结清脆冷珠。柔和明亮侧光扫过酒杯，清新干净低饱和色调，浅景深奶油散景，85mm感，超精细，写实，8k。
999,Hidarite,左手边,,深红威士忌俯45,high-angle 45 overhead / off-center,output/images/999_hidarite.jpg,success,"Moody high-angle 45-degree still-life of a single coupe glass on dark slate, subject offset to reveal the surface. A deep reddish-amber grain-whisky and bitter stir served up, richly translucent with a mahogany glow, no ice, no garnish, an elegant glossy surface catching a soft highlight. Dramatic warm directional light from upper left casting a crisp shadow, cinematic low-key palette, shallow depth of field, creamy bokeh, 100mm feel, hyper-detailed, photorealistic, 8k, single cocktail glass only, no other glasses, restrained harmonious low-saturation background, no text, no letters, no numbers, no logo, no watermark",暗调45度高角度俯拍静物：一只碟形杯置于深色石板上，主体偏置露出台面。酒体为深红琥珀的谷物威士忌苦酒搅拌调，净饮上桌，浓郁半透、泛赤褐光，无冰无装饰，酒面光亮映着柔和高光。左上方戏剧暖调定向光投出利落阴影，电影暗调，浅景深奶油散景，100mm感，超精细，写实，8k。
1002,Rudolph's Rose,鲁道夫的玫瑰,Coupe,玫瑰红环境景,wide environmental / subject small,output/images/1002_rudolph_s_rose.jpg,success,"Wide environmental still-life, a single coupe glass standing small within a warm softly-lit festive nook, subject about a quarter of the frame with ambient space around. A rosy red-amber spiced spirit and bitter stir served up, jewel-translucent and glowing, no ice, a single dark Luxardo cherry resting at the bottom, delicate surface sheen. Warm ambient light with soft bokeh of distant warm accents kept to one hue, refined low-key palette, shallow depth of field, 85mm feel, hyper-detailed, photorealistic, 8k, single cocktail glass only, no other glasses, restrained harmonious low-saturation background, no text, no letters, no numbers, no logo, no watermark",广角环境静物：一只碟形杯较小地立于暖光节日角落，主体约占画幅四分之一，四周环境留白。酒体为玫瑰红琥珀的香料烈酒苦酒搅拌调，净饮上桌，宝石般半透、隐隐发光，无冰，杯底沉一颗深色路萨朵樱桃，酒面泛微光。暖调环境光配远处仅取单一暖色的柔和散景，考究暗调，浅景深，85mm感，超精细，写实，8k。
1005,A Love Song,情歌,Martini,血橙深红一角,minimalist negative space / corner,output/images/1005_a_love_song.jpg,success,"Minimalist still-life, a single small martini glass pushed to the lower-left corner with vast clean negative space and soft shadow. A deep ruby-red gin, quina and bitter stir served up, richly translucent and glowing crimson, no ice, a thin blood-orange slice rubbed on the rim and slipped into the drink, elegant surface sheen, fine stem. Warm low side light against a deep shadowed backdrop, romantic moody low-saturation palette, shallow depth of field, creamy bokeh, 100mm macro feel, hyper-detailed, photorealistic, 8k, single cocktail glass only, no other glasses, restrained harmonious low-saturation background, no text, no letters, no numbers, no logo, no watermark",极简静物：一只小巧马天尼杯被推到画面左下角，其余是大片干净负空间与柔和阴影。酒体为深红宝石色的金酒奎那苦酒搅拌调，净饮上桌，浓郁半透、泛胭脂红光，无冰，一片薄血橙擦过杯缘后滑入杯中，酒面泛优雅光泽，杯脚纤细。暖调低位侧光映衬深暗背景，浪漫而有情绪的低饱和色调，浅景深奶油散景，100mm微距感，超精细，写实，8k。
1007,Mother Superior,圣母院长,Coupe,草本黄绿框景,foreground framing / through blur,output/images/1007_mother_superior.jpg,success,"Layered still-life shot through a soft blurred foreground of fresh herbs, a single coupe glass in the mid-ground offset from center, strong depth. A pale yellow-green herbal vermouth and chartreuse sour, gently cloudy and translucent, a faint tonic effervescence at the surface, no garnish, delicate sheen, clean stem. Soft cool directional light against a shadowed backdrop, fresh herbal low-key palette, shallow depth of field, creamy bokeh, 85mm macro feel, hyper-detailed, photorealistic, 8k, single cocktail glass only, no other glasses, restrained harmonious low-saturation background, no text, no letters, no numbers, no logo, no watermark",层次感静物，透过虚化的前景新鲜香草拍摄：一只碟形杯位于中景、偏离正中，纵深强烈。酒体为淡黄绿色的草本味美思查特酒酸酒，微浑半透，表面带一丝汤力气泡，无装饰，泛微光，杯脚洁净。柔和冷调定向光映衬阴影背景，清新草本暗调，浅景深奶油散景，85mm微距感，超精细，写实，8k。
1011,Charente Royale,皇家夏朗德,Champagne Flute,接骨木气泡长焦,telephoto compression / off-center third,output/images/1011_charente_royale.jpg,success,"Cinematic telephoto still-life, a single champagne flute on the left third line with deep compressed creamy bokeh of a soft interior behind, shallow focal plane. A pale gold cognac and elderflower sparkler with a faint absinthe louche haze, a steady column of fine bubbles rising, a slender orange twist on the rim, delicate chill sheen. Soft warm directional light rims the flute against gentle shadow, elegant low-key palette, 135mm compression, creamy bokeh, hyper-detailed, photorealistic, 8k, single cocktail glass only, no other glasses, restrained harmonious low-saturation background, no text, no letters, no numbers, no logo, no watermark",电影感长焦静物：一只香槟笛杯置于左侧三分线，背后是深邃压缩的柔和室内奶油散景，焦平面浅。酒体为淡金色的干邑接骨木花起泡调，带一丝苦艾酒乳化雾感，一柱细腻气泡持续上升，杯沿一条纤细橙皮，泛微凉光泽。柔和暖调定向光勾勒笛杯、映衬淡影，优雅暗调，135mm压缩，奶油散景，超精细，写实，8k。
1014,The Palace Cellar,宫殿酒窖,Collins,沙士姜味俯拍,off-center flat lay / top-down,output/images/1014_the_palace_cellar.jpg,success,"Overhead top-down flat-lay still-life, a single tall Collins glass placed off-center on a dark wood surface, clean space with a ginger slice and lemon wheel nearby. An amber-brown ginger and sarsaparilla rum cooler over clear ice, gently effervescent with fine bubbles seen from above, richly translucent, a ginger slice and lemon wheel garnishing the rim, condensation ring on the wood. Dramatic side light casting a crisp shadow, moody low-key palette, shallow depth of field, 100mm feel, hyper-detailed, photorealistic, 8k, single cocktail glass only, no other glasses, restrained harmonious low-saturation background, no text, no letters, no numbers, no logo, no watermark",90度俯拍平铺静物：一只高身可林杯偏置于深色木面上，周围留白，一旁一片姜与一片柠檬轮。酒体为琥珀棕的姜味沙士朗姆清凉调，浇于通透冰上，俯视可见细密气泡，浓郁半透，杯沿以姜片与柠檬轮装饰，木面留一圈冷凝水痕。戏剧侧光投出利落阴影，暗调，浅景深，100mm感，超精细，写实，8k。
1017,La Madrugada,黎明破晓,Coupe,红琥珀酸酒剪影,distant backlit rim / subject to side,output/images/1017_la_madrugada.jpg,success,"Quiet cinematic still-life, a single coupe glass set small to one side, backlit by a soft dawn-warm glow rimming its silhouette, large atmospheric space dominating. A reddish-amber aperitif-wine and amaro sour served up, jewel-translucent and glowing, no ice, no garnish, a fine delicate surface line, elegant stem. Warm side-back light with a distant tiny accent evoking early morning, serene low-key palette, shallow depth of field, creamy bokeh, 85mm feel, hyper-detailed, photorealistic, 8k, single cocktail glass only, no other glasses, restrained harmonious low-saturation background, no text, no letters, no numbers, no logo, no watermark",静谧电影感静物：一只碟形杯较小地置于画面一侧，被柔和的破晓暖光逆光勾出轮廓，大片氛围空间主导画面。酒体为红琥珀色的开胃酒苦艾酸酒，净饮上桌，宝石般半透、隐隐发光，无冰无装饰，酒面一道细腻分线，杯脚优雅。暖调侧逆光配远处一点极小暖光，透出清晨气息，宁静暗调，浅景深奶油散景，85mm感，超精细，写实，8k。
1018,The Rickenbacker,里肯巴克,,清澈马天尼左置,off-center-left / medium,output/images/1018_the_rickenbacker.jpg,success,"Elegant still-life of a single chilled cocktail glass on a polished dark surface, subject on the left third with cool negative space to the right, medium shot. A crystal-clear pale straw vodka and bianco vermouth martini, pristine and bright, a sage leaf speared through two pale cocktail onions resting across the rim, a faint saline sheen, clean stem with soft reflection below. Cool directional side light with a small distant warm accent, sleek savory low-key palette, shallow depth of field, creamy bokeh, 100mm macro feel, hyper-detailed, photorealistic, 8k, single cocktail glass only, no other glasses, restrained harmonious low-saturation background, no text, no letters, no numbers, no logo, no watermark",优雅静物：一只冰镇鸡尾酒杯置于抛光深色台面左侧三分处，右侧冷调留白，中景。酒体为晶莹通透的淡稻草色伏特加白味美思马天尼，纯净明亮，一片鼠尾草叶串起两颗淡色鸡尾洋葱横搭杯沿，泛淡淡咸鲜光泽，杯脚洁净、下方柔和倒影。冷调定向侧光配远处一点极小暖光，利落咸鲜暗调，浅景深奶油散景，100mm微距感，超精细，写实，8k。
1021,Sahara Glowing Heart,撒哈拉炽热之心,Nick & Nora,杏橘暖光右置,off-center-right / medium,output/images/1021_sahara_glowing_heart.jpg,success,"Warm still-life of a single Nick & Nora glass on a dark surface, subject on the right third with soft shadowed space to the left, medium shot. A glowing amber-apricot gin and eau-de-vie stir with a warm grenadine blush deepening toward the base, crystal clear and luminous, no ice, a lemon twist spiraled over the rim, delicate surface sheen. Warm directional light rakes the bowl against a dim backdrop, sophisticated low-key palette, shallow depth of field, creamy bokeh, 85mm macro feel, hyper-detailed, photorealistic, 8k, single cocktail glass only, no other glasses, restrained harmonious low-saturation background, no text, no letters, no numbers, no logo, no watermark",暖调静物：一只尼克诺拉杯置于深色台面右侧三分处，左侧柔和阴影留白，中景。酒体为发亮的琥珀杏色金酒白兰地搅拌调，杯底渐深的红石榴微晕，晶莹通透，无冰，一条柠檬皮螺旋搭在杯沿，酒面泛微光。暖调定向光扫过杯身、映衬昏暗背景，考究暗调，浅景深奶油散景，85mm微距感，超精细，写实，8k。
1022,Nori & Islay,海苔与艾雷岛,Nick & Nora,海苔烟熏仰视,low-angle hero / subject lower third,output/images/1022_nori_islay.jpg,success,"Moody low-angle hero still-life, a single Nick & Nora glass on dark stone, subject in the lower third with dramatic dark space and a soft light bloom above. A pale savory straw gin and nori-sake stir, gently translucent with a faint greenish tint, no ice, a curled pickled cucumber ribbon draped inside, a delicate wisp of Islay smoke drifting just above the surface. Warm side light rims the bowl while a faint haze lingers, cinematic smoky low-key palette, shallow depth of field, creamy bokeh, 85mm feel, hyper-detailed, photorealistic, 8k, single cocktail glass only, no other glasses, restrained harmonious low-saturation background, no text, no letters, no numbers, no logo, no watermark",暗调低角度英雄式静物：一只尼克诺拉杯置于深色石面上，主体位于下三分，上方留出戏剧暗部与柔和光晕。酒体为淡咸鲜稻草色的金酒海苔清酒搅拌调，微微半透、带一抹青绿，无冰，杯中垂一条卷曲腌黄瓜片，酒面上方飘一缕艾雷岛烟。暖侧光勾勒杯身、薄雾萦绕，电影烟熏暗调，浅景深奶油散景，85mm感，超精细，写实，8k。
1025,Chippendale Rosetone,齐本德尔玫瑰色调,Punch Bowl,玫瑰潘趣俯45,high-angle 45 overhead / off-center,output/images/1025_chippendale_rosetone.jpg,success,"Bright high-angle 45-degree still-life of a single stemmed punch cup on a pale linen surface, subject offset to reveal the tabletop. A rosy amber-pink gin and jasmine-tea punch over one clear ice chunk, gently translucent and fresh, a lemon wheel and a thin apple slice floating on top, delicate condensation. Soft diffused daylight from upper left casting a gentle shadow, refined pastel low-saturation palette, shallow depth of field, creamy bokeh, 100mm macro feel, hyper-detailed, photorealistic, 8k, single cocktail glass only, no other glasses, restrained harmonious low-saturation background, no text, no letters, no numbers, no logo, no watermark",明亮的45度高角度俯拍静物：一只高脚潘趣杯置于浅色亚麻台面，主体偏置露出台面。酒体为玫瑰琥珀粉的金酒茉莉茶潘趣，浇于一块通透碎冰上，微微半透而清新，顶部漂一片柠檬轮与一薄片苹果，杯身微凝水珠。左上方柔和漫射日光投出淡影，淡雅低饱和粉彩色调，浅景深奶油散景，100mm微距感，超精细，写实，8k。
1023,You Bet Your Ascot,阿斯科特赌注,,核桃干邑环境景,wide environmental / subject small,output/images/1023_you_bet_your_ascot.jpg,success,"Wide environmental still-life, a single small nosing snifter standing modestly within a softly lit study nook, subject about a quarter of the frame with rich ambient space. A deep amber-brown cognac and walnut-amaro stir served up, richly translucent with warm chestnut highlights, no ice, no garnish, a whisper of orange oil sheen from a flamed peel, elegant surface. Warm tungsten ambient light with soft blurred bookshelf bokeh behind kept low in saturation, refined nutty low-key palette, shallow depth of field, 85mm feel, hyper-detailed, photorealistic, 8k, single cocktail glass only, no other glasses, restrained harmonious low-saturation background, no text, no letters, no numbers, no logo, no watermark",广角环境静物：一只小巧闻香杯从容地立于柔光书房角落，主体约占画幅四分之一，四周环境留白丰富。酒体为深琥珀棕的干邑核桃苦酒搅拌调，净饮上桌，浓郁半透、带温暖栗色高光，无冰无装饰，酒面泛一层炙烤橙皮的橙油微光。暖钨丝环境光配背后低饱和的虚化书架散景，考究坚果暗调，浅景深，85mm感，超精细，写实，8k。
1028,Boko Buku,波科布库,Highball Glass,梅斯卡尔烟熏一角,minimalist negative space / corner,output/images/1028_boko_buku.jpg,success,"Minimalist smoky still-life, a single tall highball glass pushed to the lower-left corner with vast clean negative space and deep gradient shadow. A deep amber-brown mezcal and mole-bitters serve, richly translucent with a glossy surface catching one highlight, no ice, no garnish, a faint smoky aroma drifting above. Warm low side light glinting off the dark liquid against a shadowed backdrop, brooding smoky low-key palette, shallow depth of field, creamy bokeh, 100mm macro feel, hyper-detailed, photorealistic, 8k, single cocktail glass only, no other glasses, restrained harmonious low-saturation background, no text, no letters, no numbers, no logo, no watermark",极简烟熏静物：一只高身高球杯被推到画面左下角，其余是大片干净负空间与深色渐变阴影。酒体为深琥珀棕的梅斯卡尔莫莱苦精调，浓郁半透、表面光亮映着一点高光，无冰无装饰，上方飘一缕淡淡烟熏香。暖调低位侧光在深色酒液上闪烁、映衬阴影背景，深沉烟熏暗调，浅景深奶油散景，100mm微距感，超精细，写实，8k。
1041,Cut To The Chase,直截了当,Coupe,深棕威士忌框景,foreground framing / through blur,output/images/1041_cut_to_the_chase.jpg,success,"Layered still-life shot through a soft blurred foreground of dark bottles, a single coupe glass in the mid-ground offset from center, strong depth. A deep mahogany whisky, amaro and PX-sherry stir served up, richly translucent and glowing with warm garnet edges, no ice, an expressed orange twist resting on the rim, elegant surface sheen, clean stem. Warm tungsten side light against a shadowed backdrop, sophisticated low-key palette, shallow depth of field, creamy bokeh, 85mm macro feel, hyper-detailed, photorealistic, 8k, single cocktail glass only, no other glasses, restrained harmonious low-saturation background, no text, no letters, no numbers, no logo, no watermark",层次感静物，透过虚化的前景深色酒瓶拍摄：一只碟形杯位于中景、偏离正中，纵深强烈。酒体为深赤褐的威士忌苦艾PX雪莉搅拌调，净饮上桌，浓郁半透、边缘泛暖石榴红光，无冰，杯沿搭一条挤香橙皮，酒面泛优雅光泽，杯脚洁净。暖钨丝侧光映衬阴影背景，考究暗调，浅景深奶油散景，85mm微距感，超精细，写实，8k。
1039,Bunny Poison,兔子毒药,Cocktail Glass,大黄粉红长焦,telephoto compression / off-center third,output/images/1039_bunny_poison.jpg,success,"Cinematic telephoto still-life, a single stemmed cocktail glass on the right third line with deep compressed creamy bokeh of a muted interior behind, shallow focal plane. A pale rosy-pink rhubarb, cucumber and mint gin sour, softly cloudy and translucent, no ice, no garnish, a delicate surface sheen and fresh clean look, elegant stem. Soft cool directional light rims the bowl against gentle shadow, fresh refined low-key palette, 135mm compression, creamy bokeh, hyper-detailed, photorealistic, 8k, single cocktail glass only, no other glasses, restrained harmonious low-saturation background, no text, no letters, no numbers, no logo, no watermark",电影感长焦静物：一只高脚鸡尾酒杯置于右侧三分线，背后是深邃压缩的低调室内奶油散景，焦平面浅。酒体为淡玫瑰粉的大黄黄瓜薄荷金酒酸酒，柔和微浑、半透，无冰无装饰，酒面泛细腻光泽、清新洁净，杯脚优雅。柔和冷调定向光勾勒杯身、映衬淡影，清新考究暗调，135mm压缩，奶油散景，超精细，写实，8k。
1047,Bacio Romana,罗马之吻,Coupe,淡金肉桂俯拍,off-center flat lay / top-down,output/images/1047_bacio_romana.jpg,success,"Overhead top-down flat-lay still-life, a single coupe glass placed off-center on a pale marble surface, clean space with an orange twist wound around a cinnamon stick nearby. A pale straw bitter bianco and pisco stir served up, crystal clear and translucent seen from above, no ice, the cinnamon-and-orange garnish resting across the rim, delicate surface sheen. Soft diffused daylight casting a gentle shadow, refined low-saturation palette, shallow depth of field, 100mm feel, hyper-detailed, photorealistic, 8k, single cocktail glass only, no other glasses, restrained harmonious low-saturation background, no text, no letters, no numbers, no logo, no watermark",90度俯拍平铺静物：一只碟形杯偏置于浅色大理石面上，周围留白，一旁一条橙皮缠绕在肉桂棒上。酒体为淡稻草色的白色苦酒皮斯科搅拌调，净饮上桌，俯视晶莹半透，无冰，肉桂橙皮装饰横搭杯沿，酒面泛细腻光泽。柔和漫射日光投出淡影，考究低饱和色调，浅景深，100mm感，超精细，写实，8k。
1049,Jack Cherry Sour (2001 Remix),杰克樱桃酸酒（2001重混版）,Old Fashioned Glass,樱桃酸酒剪影,distant backlit rim / subject to side,output/images/1049_jack_cherry_sour_2001_remix.jpg,success,"Quiet cinematic still-life, a single Old Fashioned glass set small to one side, backlit by a soft warm glow rimming its silhouette, large atmospheric space dominating. An amber cherry-red bourbon sour over fresh ice, richly translucent and glowing, a quarter orange wheel and a dark Luxardo cherry perched on the rim, cool condensation. Warm side-back light with a distant tiny accent, serene low-key palette, shallow depth of field, creamy bokeh, 85mm feel, hyper-detailed, photorealistic, 8k, single cocktail glass only, no other glasses, restrained harmonious low-saturation background, no text, no letters, no numbers, no logo, no watermark",静谧电影感静物：一只古典杯较小地置于画面一侧，被柔和暖光逆光勾出轮廓，大片氛围空间主导画面。酒体为琥珀樱桃红的波本酸酒，浇于新鲜冰上，浓郁半透、隐隐发光，杯沿架一片四分之一橙轮与一颗深色路萨朵樱桃，杯身凝结冷珠。暖调侧逆光配远处一点极小暖光，宁静暗调，浅景深奶油散景，85mm感，超精细，写实，8k。
1048,3 Degrees,三度空间,Martini,梨鼠尾草泡沫左置,off-center-left / medium,output/images/1048_3_degrees.jpg,success,"Bright still-life of a single martini glass on a pale marble counter, subject on the left third with airy negative space to the right, medium shot. A pale straw gin and falernum sour topped with a delicate pear-sage foam and a prosecco float, fine bubbles rising through the crystal-clear body, a fresh sage leaf resting on the foam, clean stem. Soft diffused daylight from the right, fresh low-saturation palette, shallow depth of field, creamy bokeh, 100mm macro feel, hyper-detailed, photorealistic, 8k, single cocktail glass only, no other glasses, restrained harmonious low-saturation background, no text, no letters, no numbers, no logo, no watermark",明亮静物：一只马天尼杯置于浅色大理石台面左侧三分处，右侧轻盈留白，中景。酒体为淡稻草色的金酒法勒纳姆酸酒，顶部覆一层细腻梨子鼠尾草泡沫与普洛赛克浮层，细密气泡穿过晶莹酒体上升，泡沫上停一片新鲜鼠尾草叶，杯脚洁净。右侧柔和漫射日光，清新低饱和色调，浅景深奶油散景，100mm微距感，超精细，写实，8k。
1051,Three Flips,三重翻转,Snifter,焦糖蛋香右置,off-center-right / medium,output/images/1051_three_flips.jpg,success,"Warm still-life of a single rounded snifter on a dark wood surface, subject on the right third with soft shadowed space to the left, medium shot. A creamy caramel-brown gin and amaro flip, opaque and silky from a whole egg, a fine airy foam collar on top, a generous dusting of freshly shaved nutmeg, no ice, a soft sheen. Warm tungsten side light against a dim backdrop, cozy low-key palette, shallow depth of field, creamy bokeh, 85mm macro feel, hyper-detailed, photorealistic, 8k, single cocktail glass only, no other glasses, restrained harmonious low-saturation background, no text, no letters, no numbers, no logo, no watermark",暖调静物：一只圆润白兰地球杯置于深色木面右侧三分处，左侧柔和阴影留白，中景。酒体为奶香焦糖棕的金酒苦艾蛋酒（flip），因全蛋而绵密不透，顶部一圈轻盈奶泡，慷慨刨撒新鲜肉豆蔻碎，无冰，泛柔和光泽。暖钨丝侧光映衬昏暗背景，温馨暗调，浅景深奶油散景，85mm微距感，超精细，写实，8k。
1054,L.E.S. Is More,少即是多,Highball Glass,清澈柠檬仰视,low-angle hero / subject lower third,output/images/1054_l_e_s_is_more.jpg,success,"Low-angle hero still-life of a single tall highball glass on a pale surface, subject in the lower third with airy bright space above. A pale clear straw vodka and elderflower cooler over clear ice, crystalline and luminous, a slender lemon twist draped over the rim releasing citrus oils, crisp condensation beading down the glass. Soft bright side light rakes the glass, clean fresh low-saturation palette, shallow depth of field, creamy bokeh, 85mm feel, hyper-detailed, photorealistic, 8k, single cocktail glass only, no other glasses, restrained harmonious low-saturation background, no text, no letters, no numbers, no logo, no watermark",低角度英雄式静物：一只高身高球杯置于浅色台面上，主体位于下三分，上方留出明亮清爽空间。酒体为淡清稻草色的伏特加接骨木花清凉调，浇于通透冰上，晶莹发光，一条纤细柠檬皮搭在杯沿释放柑橘油，杯身凝结清脆冷珠下滑。柔和明亮侧光扫过酒杯，干净清新低饱和色调，浅景深奶油散景，85mm感，超精细，写实，8k。
1057,Cut and Run,抽身而退,Old Fashioned Glass,薄荷茶威士忌俯45,high-angle 45 overhead / off-center,output/images/1057_cut_and_run.jpg,success,"Moody high-angle 45-degree still-life of a single Old Fashioned glass on dark stone, subject offset to reveal the surface. A golden-amber whisky and Moroccan-mint-tea drink over large clear ice cubes, richly translucent with a tea-tinted warmth, a lemon wheel, a fresh mint sprig and a single blackberry garnishing the top, cool condensation. Dramatic warm directional light from upper left casting a crisp shadow, cinematic low-key palette, shallow depth of field, creamy bokeh, 100mm feel, hyper-detailed, photorealistic, 8k, single cocktail glass only, no other glasses, restrained harmonious low-saturation background, no text, no letters, no numbers, no logo, no watermark",暗调45度高角度俯拍静物：一只古典杯置于深色石面，主体偏置露出台面。酒体为金琥珀色的威士忌摩洛哥薄荷茶调，浇于通透大方冰上，浓郁半透、带茶染暖调，杯口以一片柠檬轮、一枝新鲜薄荷与一颗黑莓装饰，杯身凝结冷珠。左上方戏剧暖调定向光投出利落阴影，电影暗调，浅景深奶油散景，100mm感，超精细，写实，8k。
1058,The Stand By,待命,Old Fashioned Glass,苦味金酒环境景,wide environmental / subject small,output/images/1058_the_stand_by.jpg,success,"Wide environmental still-life, a single Old Fashioned glass standing small within a softly lit bar corner, subject about a quarter of the frame with ambient space around. A pale reddish-amber gin and bitter stir over clear ice, gently translucent with a bittersweet tint, an expressed lemon peel resting inside, cool condensation. Warm ambient tungsten light with soft blurred bokeh behind kept low in saturation, refined low-key palette, shallow depth of field, 85mm feel, hyper-detailed, photorealistic, 8k, single cocktail glass only, no other glasses, restrained harmonious low-saturation background, no text, no letters, no numbers, no logo, no watermark",广角环境静物：一只古典杯较小地立于柔光酒吧一角，主体约占画幅四分之一，四周环境留白。酒体为淡红琥珀色的金酒苦酒搅拌调，浇于通透冰上，微微半透、带苦甜色泽，杯中放一条挤香柠檬皮，杯身凝结冷珠。暖钨丝环境光配背后低饱和的柔和散景，考究暗调，浅景深，85mm感，超精细，写实，8k。
1059,Second City Sour,第二城酸酒,Collins,波本酸酒一角,minimalist negative space / corner,output/images/1059_second_city_sour.jpg,success,"Minimalist still-life, a single tall Collins glass nudged to the upper-right corner with vast clean negative space and soft gradient shadow. An amber-brown bourbon sour with orange-maple sweetness over clear ice, richly translucent and glowing warmly, no garnish, subtle chill sheen and light condensation. Soft directional daylight grazing from the left, muted warm low-saturation palette, shallow depth of field, creamy bokeh, 100mm macro feel, hyper-detailed, photorealistic, 8k, single cocktail glass only, no other glasses, restrained harmonious low-saturation background, no text, no letters, no numbers, no logo, no watermark",极简静物：一只高身可林杯被推到画面右上角，其余是大片干净负空间与柔和渐变阴影。酒体为琥珀棕的波本酸酒、带橙香枫糖甜韵，浇于通透冰上，浓郁半透、暖调发光，无装饰，泛冷凝光泽与微珠。左侧柔和定向日光掠过，低饱和暖色调，浅景深奶油散景，100mm微距感，超精细，写实，8k。
1065,West Bank,西岸,Rocks Glass,咖啡苦酒框景,foreground framing / through blur,output/images/1065_west_bank.jpg,success,"Layered still-life shot through a soft blurred foreground of coffee beans, a single rocks glass in the mid-ground offset from center, strong depth. A dark coffee-brown cognac, cynar and cold-brew drink over fresh clear ice, deeply translucent with mahogany edges, a fine dusting of freshly grated nutmeg on top, subtle chill sheen. Warm tungsten side light against a shadowed backdrop, brooding spiced low-key palette, shallow depth of field, creamy bokeh, 85mm macro feel, hyper-detailed, photorealistic, 8k, single cocktail glass only, no other glasses, restrained harmonious low-saturation background, no text, no letters, no numbers, no logo, no watermark",层次感静物，透过虚化的前景咖啡豆拍摄：一只古典杯位于中景、偏离正中，纵深强烈。酒体为深咖啡棕的干邑奇纳尔冷萃调，浇于新鲜通透冰上，深邃半透、边缘泛赤褐，表面薄撒新鲜肉豆蔻碎，泛冷凝光泽。暖钨丝侧光映衬阴影背景，深沉香料暗调，浅景深奶油散景，85mm微距感，超精细，写实，8k。
1071,Radice Amara,拉迪切阿玛拉,Coupe,胡萝卜金长焦,telephoto compression / off-center third,output/images/1071_radice_amara.jpg,success,"Cinematic telephoto still-life, a single coupe glass on the left third line with deep compressed creamy bokeh of a muted interior behind, shallow focal plane. A pale golden-orange bitter bianco and carrot eau-de-vie stir, crystal clear and luminous with a faint carrot tint, no ice, a delicate curled carrot ribbon draped over the rim, clean elegant stem. Soft warm directional light rims the bowl against gentle shadow, refined earthy low-key palette, 135mm compression, creamy bokeh, hyper-detailed, photorealistic, 8k, single cocktail glass only, no other glasses, restrained harmonious low-saturation background, no text, no letters, no numbers, no logo, no watermark",电影感长焦静物：一只碟形杯置于左侧三分线，背后是深邃压缩的低调室内奶油散景，焦平面浅。酒体为淡金橙色的白色苦酒胡萝卜白兰地搅拌调，晶莹通透、带一抹胡萝卜色，无冰，杯沿垂一条卷曲胡萝卜丝带，杯脚洁净优雅。柔和暖调定向光勾勒杯身、映衬淡影，考究大地暗调，135mm压缩，奶油散景，超精细，写实，8k。
1073,Miyagikyo Kick,宫城峡之击,Coupe,威士忌杏仁俯拍,off-center flat lay / top-down,output/images/1073_miyagikyo_kick.jpg,success,"Overhead top-down flat-lay still-life, a single coupe glass placed off-center on a dark honed stone surface, clean surrounding space. A golden-amber Japanese whisky, madeira and orgeat sour served up, gently cloudy and translucent seen from above, no ice, no garnish, a fine delicate surface sheen. Dramatic hard directional light from one side casting a crisp shadow, moody low-key palette, shallow depth of field, 100mm feel, hyper-detailed, photorealistic, 8k, single cocktail glass only, no other glasses, restrained harmonious low-saturation background, no text, no letters, no numbers, no logo, no watermark",90度俯拍平铺静物：一只碟形杯偏置于深色哑光石面上，周围留白。酒体为金琥珀色的日本威士忌马德拉杏仁酸酒，净饮上桌，俯视微浑半透，无冰无装饰，酒面泛细腻光泽。单侧戏剧硬光投出利落阴影，暗调，浅景深，100mm感，超精细，写实，8k。
1072,Don't Rock the Boat Punch,勿扰潘趣,,香料茶潘趣剪影,distant backlit rim / subject to side,output/images/1072_don_t_rock_the_boat_punch.jpg,success,"Quiet cinematic still-life, a single stemmed punch cup set small to one side, backlit by a soft warm glow rimming its silhouette, large atmospheric space dominating. An amber-reddish gin, rooibos-tea and mulled-cider punch over one clear ice chunk, gently translucent with a spiced warmth, fine cava bubbles rising, a thin apple slice resting on top, cool condensation. Warm side-back light with a distant tiny accent, serene cozy low-key palette, shallow depth of field, creamy bokeh, 85mm feel, hyper-detailed, photorealistic, 8k, single cocktail glass only, no other glasses, restrained harmonious low-saturation background, no text, no letters, no numbers, no logo, no watermark",静谧电影感静物：一只高脚潘趣杯较小地置于画面一侧，被柔和暖光逆光勾出轮廓，大片氛围空间主导画面。酒体为琥珀微红的金酒路易波士茶香料苹果酒潘趣，浇于一块通透碎冰上，微微半透、带香料暖意，卡瓦细泡上升，顶部停一薄片苹果，杯身凝结冷珠。暖调侧逆光配远处一点极小暖光，宁静温馨暗调，浅景深奶油散景，85mm感，超精细，写实，8k。
1068,Shadowcat,影猫,Coupe,淡金薄荷左置,off-center-left / medium,output/images/1068_shadowcat.jpg,success,"Fresh still-life of a single coupe glass on a pale surface, subject on the left third with airy negative space to the right, medium shot. A pale straw bitter bianco and gin cooler, crystal clear and bright with a fine gentle effervescence from mineral water, a mint sprig and a lemon-wedge flag perched on the rim, clean stem. Soft diffused daylight from the right, fresh low-saturation palette, shallow depth of field, creamy bokeh, 100mm macro feel, hyper-detailed, photorealistic, 8k, single cocktail glass only, no other glasses, restrained harmonious low-saturation background, no text, no letters, no numbers, no logo, no watermark",清新静物：一只碟形杯置于浅色台面左侧三分处，右侧轻盈留白，中景。酒体为淡稻草色的白色苦酒金酒清凉调，晶莹明亮、因矿泉水而带细腻气泡，杯沿架一枝薄荷与一面柠檬角旗，杯脚洁净。右侧柔和漫射日光，清新低饱和色调，浅景深奶油散景，100mm微距感，超精细，写实，8k。
1077,The Canevari Cocktail,卡内瓦里鸡尾酒,Cocktail Glass,红琥珀老汤右置,off-center-right / medium,output/images/1077_the_canevari_cocktail.jpg,success,"Moody still-life of a single chilled cocktail glass on a dark surface, subject on the right third with soft shadowed space to the left, medium shot. A reddish-amber Old Tom gin, vermouth and bitter stir served up, richly translucent and glowing, no ice, an expressed orange twist resting on the rim, elegant surface sheen, clean stem. Warm directional light rakes the bowl against a dim backdrop, sophisticated low-key palette, shallow depth of field, creamy bokeh, 85mm macro feel, hyper-detailed, photorealistic, 8k, single cocktail glass only, no other glasses, restrained harmonious low-saturation background, no text, no letters, no numbers, no logo, no watermark",暗调静物：一只冰镇鸡尾酒杯置于深色台面右侧三分处，左侧柔和阴影留白，中景。酒体为红琥珀色的老汤姆金酒味美思苦酒搅拌调，净饮上桌，浓郁半透、隐隐发光，无冰，杯沿搭一条挤香橙皮，酒面泛优雅光泽，杯脚洁净。暖调定向光扫过杯身、映衬昏暗背景，考究暗调，浅景深奶油散景，85mm微距感，超精细，写实，8k。
1076,Elgin Elixir,埃尔金灵药,Rocks Glass,苹果威士忌仰视,low-angle hero / subject lower third,output/images/1076_elgin_elixir.jpg,success,"Low-angle hero still-life of a single rocks glass on aged dark wood, subject in the lower third with dramatic dark space and a soft light bloom above. An amber-red single-malt, calvados and aperitivo stir over one large clear ice cube, richly translucent and glowing, an expressed orange peel resting inside, subtle chill sheen. Warm tungsten side light rims the cube against deep shadow, cinematic low-key palette, shallow depth of field, creamy bokeh, 85mm feel, hyper-detailed, photorealistic, 8k, single cocktail glass only, no other glasses, restrained harmonious low-saturation background, no text, no letters, no numbers, no logo, no watermark",低角度英雄式静物：一只古典杯置于做旧深色木面上，主体位于下三分，上方留出戏剧暗部与柔和光晕。酒体为琥珀红的单一麦芽苹果白兰地开胃酒搅拌调，浇于一块通透大冰上，浓郁半透、隐隐发光，杯中放一条挤香橙皮，泛冷凝光泽。暖钨丝侧光勾勒冰块、映衬深暗阴影，电影暗调，浅景深奶油散景，85mm感，超精细，写实，8k。
1080,Shroud of the Inca,印加裹尸布,Coupe,起泡血橙俯45,high-angle 45 overhead / off-center,output/images/1080_shroud_of_the_inca.jpg,success,"Elegant high-angle 45-degree still-life of a single coupe glass on a pale stone surface, subject offset to reveal the tabletop. A pale straw bitter bianco and pisco sparkler topped with prosecco, fine bubbles rising through the clear body, a thinly sliced candied blood-orange wheel resting on the surface, delicate chill sheen. Soft cool daylight from upper left casting a gentle shadow, refined low-saturation palette, shallow depth of field, creamy bokeh, 100mm macro feel, hyper-detailed, photorealistic, 8k, single cocktail glass only, no other glasses, restrained harmonious low-saturation background, no text, no letters, no numbers, no logo, no watermark",优雅的45度高角度俯拍静物：一只碟形杯置于浅色石面，主体偏置露出台面。酒体为淡稻草色的白色苦酒皮斯科起泡调、以普洛赛克补顶，细密气泡穿过清澈酒体上升，酒面停一片薄薄的糖渍血橙轮，泛微凉光泽。左上方柔和冷调日光投出淡影，考究低饱和色调，浅景深奶油散景，100mm微距感，超精细，写实，8k。
1078,Erasmus' Revenge,伊拉斯谟的复仇,,琥珀苦金环境景,wide environmental / subject small,output/images/1078_erasmus_revenge.jpg,success,"Wide environmental still-life, a single rocks glass standing small within a softly lit bar corner, subject about a quarter of the frame with ambient space around. An amber-red gin, vermouth and calisaya stir over one big clear ice cube, richly translucent and glowing, a wide grapefruit peel resting on the rim, cool condensation. Warm ambient light with soft blurred bokeh behind kept low in saturation, refined low-key palette, shallow depth of field, 85mm feel, hyper-detailed, photorealistic, 8k, single cocktail glass only, no other glasses, restrained harmonious low-saturation background, no text, no letters, no numbers, no logo, no watermark",广角环境静物：一只古典杯较小地立于柔光酒吧一角，主体约占画幅四分之一，四周环境留白。酒体为琥珀红的金酒味美思金鸡纳搅拌调，浇于一块通透大冰上，浓郁半透、隐隐发光，杯沿搭一条宽西柚皮，杯身凝结冷珠。暖调环境光配背后低饱和的柔和散景，考究暗调，浅景深，85mm感，超精细，写实，8k。
1083,The Cliffdiver,悬崖跳水者,Collins,靛蓝热带一角,minimalist negative space / corner,output/images/1083_the_cliffdiver.jpg,success,"Minimalist tropical still-life, a single tall Collins glass pushed to the lower-left corner with vast clean negative space and soft shadow. A striking deep indigo-teal rum drink from blue curacao and violette over clear ice, luminous and translucent shading to violet, a pale ginger-beer float clouding the top, three drops of dark bitters dotting the surface, cool condensation. Soft cool directional light rakes the glass, restrained low-saturation palette anchored by the jewel-toned drink, shallow depth of field, creamy bokeh, 100mm macro feel, hyper-detailed, photorealistic, 8k, single cocktail glass only, no other glasses, restrained harmonious low-saturation background, no text, no letters, no numbers, no logo, no watermark",极简热带静物：一只高身可林杯被推到画面左下角，其余是大片干净负空间与柔和阴影。酒体为惊艳的深靛蓝青绿色（蓝橙酒与紫罗兰调成），浇于通透冰上，通透发光、向紫罗兰过渡，顶部姜汁啤酒浮层泛白微浑，表面点三滴深色苦精，杯身凝结冷珠。柔和冷调定向光扫过酒杯，背景低饱和克制、由宝石色酒体主导，浅景深奶油散景，100mm微距感，超精细，写实，8k。
1091,A Regal Air,皇家气息,Martini,雪莉南瓜泡沫框景,foreground framing / through blur,output/images/1091_a_regal_air.jpg,success,"Layered still-life shot through a soft blurred foreground of autumn elements, a single martini glass in the mid-ground offset from center, warm depth. A pale golden manzanilla-sherry and ginger cocktail crowned with a soft burnt-orange pumpkin foam, gently translucent below, delicate surface texture, clean stem. Warm low tungsten light glowing against a shadowed backdrop, cozy autumnal low-key palette, shallow depth of field, dreamy creamy bokeh, 85mm macro feel, hyper-detailed, photorealistic, 8k, single cocktail glass only, no other glasses, restrained harmonious low-saturation background, no text, no letters, no numbers, no logo, no watermark",层次感静物，透过虚化的前景秋日元素拍摄：一只马天尼杯位于中景、偏离正中，暖调纵深。酒体为淡金色的曼萨尼亚雪莉姜味鸡尾酒，顶覆一层柔和的焦橙南瓜泡沫，泡沫下微微半透，表面质感细腻，杯脚洁净。暖调低位钨丝光映衬阴影背景，温馨秋日暗调，浅景深梦幻奶油散景，85mm微距感，超精细，写实，8k。
1097,The Molino,莫利诺,Pilsner Glass,琥珀酸酒长焦,telephoto compression / off-center third,output/images/1097_the_molino.jpg,success,"Cinematic telephoto still-life, a single small pilsner glass on the right third line with deep compressed creamy bokeh of a muted interior behind, shallow focal plane. An amber bourbon and amaretto sour beneath a silky egg-white foam crown, translucent body below, a single dark Luxardo cherry resting on the foam, elegant sheen. Soft warm directional light rims the glass against gentle shadow, refined low-key palette, 135mm compression, creamy bokeh, hyper-detailed, photorealistic, 8k, single cocktail glass only, no other glasses, restrained harmonious low-saturation background, no text, no letters, no numbers, no logo, no watermark",电影感长焦静物：一只小巧皮尔森杯置于右侧三分线，背后是深邃压缩的低调室内奶油散景，焦平面浅。酒体为琥珀色的波本杏仁酸酒，覆一层丝滑蛋清奶泡，泡沫下酒液半透，泡沫上停一颗深色路萨朵樱桃，泛优雅光泽。柔和暖调定向光勾勒杯身、映衬淡影，考究暗调，135mm压缩，奶油散景，超精细，写实，8k。
1093,Bubbly Bird,气泡鸟,Champagne Flute,香槟气泡俯拍,off-center flat lay / top-down,output/images/1093_bubbly_bird.jpg,success,"Overhead top-down flat-lay still-life, a single champagne flute placed off-center on a pale marble surface, clean space with a lemon twist nearby. A pale gold rum and champagne cocktail with a saturated sugar cube at the base and a steady stream of fine bubbles rising, gently translucent seen from above, a slender lemon twist resting across the rim. Soft diffused daylight casting a gentle shadow, refined low-saturation palette, shallow depth of field, 100mm feel, hyper-detailed, photorealistic, 8k, single cocktail glass only, no other glasses, restrained harmonious low-saturation background, no text, no letters, no numbers, no logo, no watermark",90度俯拍平铺静物：一只香槟笛杯偏置于浅色大理石面上，周围留白，一旁一条柠檬皮卷。酒体为淡金色的朗姆香槟鸡尾酒，杯底一块浸润的方糖，细密气泡持续上升，俯视微微半透，一条纤细柠檬皮横搭杯沿。柔和漫射日光投出淡影，考究低饱和色调，浅景深，100mm感，超精细，写实，8k。
1106,The King's Froth & Frizz,国王泡沫与嘶嘶,Champagne Flute,桃金泡沫剪影,distant backlit rim / subject to side,output/images/1106_the_king_s_froth_frizz.jpg,success,"Quiet cinematic still-life, a single champagne flute set small to one side, backlit by a soft warm glow rimming its silhouette, large atmospheric space dominating. A pale peachy-gold pisco and ginger sour topped with a fine saison-beer foam cap, fine bubbles rising through the translucent body, a whole star anise resting on the foam with a whisper of orange oil, delicate sheen. Warm side-back light with a distant tiny accent, serene low-key palette, shallow depth of field, creamy bokeh, 85mm feel, hyper-detailed, photorealistic, 8k, single cocktail glass only, no other glasses, restrained harmonious low-saturation background, no text, no letters, no numbers, no logo, no watermark",静谧电影感静物：一只香槟笛杯较小地置于画面一侧，被柔和暖光逆光勾出轮廓，大片氛围空间主导画面。酒体为淡蜜桃金的皮斯科姜味酸酒，顶覆一层细腻的赛松啤酒泡沫盖，细密气泡穿过半透酒体上升，泡沫上停一颗完整八角、伴一丝橙油，泛细腻光泽。暖调侧逆光配远处一点极小暖光，宁静暗调，浅景深奶油散景，85mm感，超精细，写实，8k。
1104,Platonic Snuggle,柏拉图式依偎,Shorty Beer,波特奶蛋左置,off-center-left / medium,output/images/1104_platonic_snuggle.jpg,success,"Cozy still-life of a single short stout beer glass on a warm wood surface, subject on the left third with soft negative space to the right, medium shot. A creamy caramel cognac and rum flip layered under a dark porter-beer top with a fine tan foam collar, opaque and silky from egg and cream, an expressed orange twist and a dusting of grated nutmeg on top. Warm side light and gentle shadow, comforting low-saturation palette, shallow depth of field, creamy bokeh, 85mm macro feel, hyper-detailed, photorealistic, 8k, single cocktail glass only, no other glasses, restrained harmonious low-saturation background, no text, no letters, no numbers, no logo, no watermark",温暖静物：一只矮身司陶特啤酒杯置于暖色木面左侧三分处，右侧柔和留白，中景。酒体为奶香焦糖的干邑朗姆蛋酒，上层是深色波特啤酒、带一圈细腻棕褐奶泡，因蛋与奶油而绵密不透，顶部一条挤香橙皮与刨撒的肉豆蔻碎。暖调侧光配柔和阴影，温馨低饱和色调，浅景深奶油散景，85mm微距感，超精细，写实，8k。
1111,The Alpine Mist,阿尔卑斯迷雾,Martini,黑莓烟熏右置,off-center-right / medium,output/images/1111_the_alpine_mist.jpg,success,"Moody still-life of a single martini glass on a dark surface, subject on the right third with soft shadowed space to the left, medium shot. A deep purple-berry mezcal and blackberry drink, richly translucent shading to plum, a half-rim of fine sugar crystals glinting, a splash of ginger beer clouding the surface, a lime wheel and mint sprig on the rim, a faint smoky aroma above, clean stem. Warm directional light rakes the bowl against a dim backdrop, cinematic smoky low-key palette, shallow depth of field, creamy bokeh, 85mm macro feel, hyper-detailed, photorealistic, 8k, single cocktail glass only, no other glasses, restrained harmonious low-saturation background, no text, no letters, no numbers, no logo, no watermark",暗调静物：一只马天尼杯置于深色台面右侧三分处，左侧柔和阴影留白，中景。酒体为深紫莓色的梅斯卡尔黑莓调，浓郁半透、向李子紫过渡，半圈杯沿细糖晶闪烁，姜汁啤酒使表面微浑，杯沿以一片青柠轮与一枝薄荷装饰，上方一缕淡淡烟熏香，杯脚洁净。暖调定向光扫过杯身、映衬昏暗背景，电影烟熏暗调，浅景深奶油散景，85mm微距感，超精细，写实，8k。
1119,Pacific Kick,太平洋冲击,Old Fashioned Glass,杏仁苦酒仰视,low-angle hero / subject lower third,output/images/1119_pacific_kick.jpg,success,"Low-angle hero still-life of a single Old Fashioned glass on dark stone, subject in the lower third with dramatic dark space and a soft light bloom above. An amber-brown Japanese whisky and amaro sour with orgeat over clear ice, richly translucent and glowing, no garnish, subtle chill sheen and light condensation. Warm side light rakes the glass against deep shadow, cinematic low-key palette, shallow depth of field, creamy bokeh, 85mm feel, hyper-detailed, photorealistic, 8k, single cocktail glass only, no other glasses, restrained harmonious low-saturation background, no text, no letters, no numbers, no logo, no watermark",低角度英雄式静物：一只古典杯置于深色石面上，主体位于下三分，上方留出戏剧暗部与柔和光晕。酒体为琥珀棕的日本威士忌苦酒杏仁酸酒，浇于通透冰上，浓郁半透、隐隐发光，无装饰，泛冷凝光泽与微珠。暖侧光扫过酒杯、映衬深暗阴影，电影暗调，浅景深奶油散景，85mm感，超精细，写实，8k。
1121,The Mayan Premonition,玛雅预感,Wine Glass,樱桃龙舌兰俯45,high-angle 45 overhead / off-center,output/images/1121_the_mayan_premonition.jpg,success,"Bright high-angle 45-degree still-life of a single stemmed wine glass on a pale surface, subject offset to reveal the tabletop. A cherry-red tequila and cherry-liqueur cooler over clear ice with a pale bitter-lemon soda float clouding the top, lively fine bubbles, a fresh ginger slice and a dark Luxardo cherry as garnish, cool condensation. Soft daylight from upper left casting a gentle shadow, fresh low-saturation palette, shallow depth of field, creamy bokeh, 100mm macro feel, hyper-detailed, photorealistic, 8k, single cocktail glass only, no other glasses, restrained harmonious low-saturation background, no text, no letters, no numbers, no logo, no watermark",明亮的45度高角度俯拍静物：一只高脚葡萄酒杯置于浅色台面，主体偏置露出台面。酒体为樱桃红的龙舌兰樱桃利口酒清凉调，浇于通透冰上，顶部苦柠檬苏打浮层泛白微浑，气泡活跃细密，以一片新鲜姜与一颗深色路萨朵樱桃装饰，杯身凝结冷珠。左上方柔和日光投出淡影，清新低饱和色调，浅景深奶油散景，100mm微距感，超精细，写实，8k。
1120,Citrus Quo (Adapted),柑橘现状（改编版）,,柑橘汤力环境景,wide environmental / subject small,output/images/1120_citrus_quo_adapted.jpg,success,"Wide environmental still-life, a single stemless wine glass standing small within a softly lit setting, subject about a quarter of the frame with ambient space around. A pale orange-amber gin, limoncello and aperitivo tonic over clear ice, luminous and translucent with gentle effervescence, a long grapefruit spiral cascading inside, cool condensation. Soft daylight with a gentle bokeh backdrop kept low in saturation, fresh low-key palette, shallow depth of field, 85mm feel, hyper-detailed, photorealistic, 8k, single cocktail glass only, no other glasses, restrained harmonious low-saturation background, no text, no letters, no numbers, no logo, no watermark",广角环境静物：一只无脚葡萄酒杯较小地立于柔光场景中，主体约占画幅四分之一，四周环境留白。酒体为淡橙琥珀色的金酒柠檬切罗开胃酒汤力，浇于通透冰上，通透发光、带轻盈气泡，杯中垂一条长西柚螺旋皮，杯身凝结冷珠。柔和日光配低饱和的轻柔散景背景，清新暗调，浅景深，85mm感，超精细，写实，8k。
1124,Ypioca Chile Punch,Ypioca 辣椒宾治,,辣椒菠萝一角,minimalist negative space / corner,output/images/1124_ypioca_chile_punch.jpg,success,"Minimalist still-life, a single stemmed cocktail glass pushed to the upper-right corner with vast clean negative space and soft gradient shadow. A pale golden-green cachaca, lime and ancho-chile drink, crystal clear and bright with a faint spicy tint, no ice, a fresh pineapple chunk, a thin red chile slice and a whole star anise as garnish, delicate sheen. Soft directional daylight grazing from the left, warm low-saturation palette, shallow depth of field, creamy bokeh, 100mm macro feel, hyper-detailed, photorealistic, 8k, single cocktail glass only, no other glasses, restrained harmonious low-saturation background, no text, no letters, no numbers, no logo, no watermark",极简静物：一只高脚鸡尾酒杯被推到画面右上角，其余是大片干净负空间与柔和渐变阴影。酒体为淡金绿色的卡莎萨青柠安乔辣椒调，晶莹明亮、带一抹辛香色泽，无冰，以一块新鲜菠萝、一薄片红辣椒与一颗完整八角装饰，泛细腻光泽。左侧柔和定向日光掠过，低饱和暖色调，浅景深奶油散景，100mm微距感，超精细，写实，8k。
1117,A Southern Jackass,南方蠢驴,Old Fashioned Glass,姜味月光框景,foreground framing / through blur,output/images/1117_a_southern_jackass.jpg,success,"Layered still-life shot through a soft blurred foreground of candied ginger pieces, a single Old Fashioned glass in the mid-ground offset from center, strong depth. A pale amber moonshine and ginger cooler over one large clear ice cube, gently translucent with a lightly spiced hue and soda effervescence, fine bubbles rising, cool condensation. Warm side light against a shadowed backdrop, rustic low-key palette, shallow depth of field, creamy bokeh, 85mm macro feel, hyper-detailed, photorealistic, 8k, single cocktail glass only, no other glasses, restrained harmonious low-saturation background, no text, no letters, no numbers, no logo, no watermark",层次感静物，透过虚化的前景糖渍姜块拍摄：一只古典杯位于中景、偏离正中，纵深强烈。酒体为淡琥珀色的月光酒姜味清凉调，浇于一块通透大冰上，微微半透、带轻辛色泽与苏打气泡，细泡上升，杯身凝结冷珠。暖侧光映衬阴影背景，质朴暗调，浅景深奶油散景，85mm微距感，超精细，写实，8k。
1125,Prata Punch,普拉塔宾治,,玫瑰番石榴长焦,telephoto compression / off-center third,output/images/1125_prata_punch.jpg,success,"Cinematic telephoto still-life, a single stemmed cocktail glass on the left third line with deep compressed creamy bokeh of a soft interior behind, shallow focal plane. A rosy blush cachaca, Lillet-rose and guava sparkler, gently translucent with fine bubbles rising, a thin strawberry slice and a lime wheel resting on the surface, delicate chill sheen, clean stem. Soft warm directional light rims the bowl against gentle shadow, refined pastel low-key palette, 135mm compression, creamy bokeh, hyper-detailed, photorealistic, 8k, single cocktail glass only, no other glasses, restrained harmonious low-saturation background, no text, no letters, no numbers, no logo, no watermark",电影感长焦静物：一只高脚鸡尾酒杯置于左侧三分线，背后是深邃压缩的柔和室内奶油散景，焦平面浅。酒体为玫瑰红晕的卡莎萨丽叶玫瑰番石榴起泡调，微微半透、细泡上升，酒面停一薄片草莓与一片青柠轮，泛微凉光泽，杯脚洁净。柔和暖调定向光勾勒杯身、映衬淡影，考究粉彩暗调，135mm压缩，奶油散景，超精细，写实，8k。
1126,Engaged and Cant-Aloupe,订婚与蜜瓜,Rocks Glass,蜜瓜奶泡俯拍,off-center flat lay / top-down,output/images/1126_engaged_and_cant_aloupe.jpg,success,"Overhead top-down flat-lay still-life, a single rocks glass placed off-center on a pale surface, clean surrounding space. A pale melon-orange pisco and cantaloupe sour beneath a silky egg-white foam crown seen from above, three drops of dark Angostura bitters dotted on the foam, translucent body below, delicate surface texture. Soft diffused side light casting a gentle shadow, fresh low-saturation palette, shallow depth of field, 100mm feel, hyper-detailed, photorealistic, 8k, single cocktail glass only, no other glasses, restrained harmonious low-saturation background, no text, no letters, no numbers, no logo, no watermark",90度俯拍平铺静物：一只古典杯偏置于浅色台面上，周围留白。酒体为淡蜜瓜橙的皮斯科哈密瓜酸酒，俯视覆一层丝滑蛋清奶泡，泡沫上点三滴深色安高天娜苦精，泡沫下酒液半透，表面质感细腻。柔和漫射侧光投出淡影，清新低饱和色调，浅景深，100mm感，超精细，写实，8k。
1130,Blind Luck,盲运,Martini,莓红马天尼剪影,distant backlit rim / subject to side,output/images/1130_blind_luck.jpg,success,"Quiet cinematic still-life, a single martini glass set small to one side, backlit by a soft warm glow rimming its silhouette, large atmospheric space dominating. A pale rosy-pink Old Tom gin and berry sour, crystal clear and bright with a delicate strawberry-raspberry tint, no ice, no garnish, a fine surface line, elegant thin stem. Warm side-back light with a distant tiny accent, serene low-key palette, shallow depth of field, creamy bokeh, 85mm feel, hyper-detailed, photorealistic, 8k, single cocktail glass only, no other glasses, restrained harmonious low-saturation background, no text, no letters, no numbers, no logo, no watermark",静谧电影感静物：一只马天尼杯较小地置于画面一侧，被柔和暖光逆光勾出轮廓，大片氛围空间主导画面。酒体为淡玫瑰粉的老汤姆金酒莓果酸酒，晶莹明亮、带细腻草莓覆盆子色泽，无冰无装饰，酒面一道细线，杯脚纤细优雅。暖调侧逆光配远处一点极小暖光，宁静暗调，浅景深奶油散景，85mm感，超精细，写实，8k。
1135,Karlsson's Kold Brew,卡尔森冷萃,Espresso Cup,冷萃咖啡左置,off-center-left / medium,output/images/1135_karlsson_s_kold_brew.jpg,success,"Intimate still-life of a single small espresso cup on a dark surface, subject on the left third with soft negative space to the right, medium shot. A dark coffee-brown coffee-vodka and mocha drink layered under a pale soy-milk coffee foam, a fine dusting of espresso powder on top, glossy dark body beneath, delicate texture. Warm low side light against a dim backdrop, cozy moody low-saturation palette, shallow depth of field, creamy bokeh, 100mm macro feel, hyper-detailed, photorealistic, 8k, single cocktail glass only, no other glasses, restrained harmonious low-saturation background, no text, no letters, no numbers, no logo, no watermark",亲密感静物：一只小巧的浓缩咖啡杯置于深色台面左侧三分处，右侧柔和留白，中景。酒体为深咖啡棕的咖啡伏特加摩卡调，上覆一层淡色豆奶咖啡泡沫，顶部薄撒浓缩咖啡粉，泡沫下酒液深色光亮，质感细腻。暖调低位侧光映衬昏暗背景，温馨而有情绪的低饱和色调，浅景深奶油散景，100mm微距感，超精细，写实，8k。
1139,Asian Affair,亚洲情事,Highball Glass,罗勒姜啤右置,off-center-right / medium,output/images/1139_asian_affair.jpg,success,"Bright lifestyle still-life of a single tall highball glass on a pale surface, subject on the right third with airy negative space to the left, medium shot. A pale green-gold vodka, kalamansi and Thai-basil cooler over clear ice topped with ginger beer, lightly effervescent with fine bubbles, gently translucent, a fresh basil leaf tucked in, cool condensation. Soft daylight from the left, fresh low-saturation palette, shallow depth of field, creamy bokeh, 85mm macro feel, hyper-detailed, photorealistic, 8k, single cocktail glass only, no other glasses, restrained harmonious low-saturation background, no text, no letters, no numbers, no logo, no watermark",明亮生活方式静物：一只高身高球杯置于浅色台面右侧三分处，左侧轻盈留白，中景。酒体为淡绿金色的伏特加卡曼橘泰国罗勒清凉调，浇于通透冰上、以姜汁啤酒补顶，轻带气泡、细泡上升，微微半透，杯中插一片新鲜罗勒叶，杯身凝结冷珠。左侧柔和日光，清新低饱和色调，浅景深奶油散景，85mm微距感，超精细，写实，8k。
1141,Tambourine,铃鼓,Coupe,菠萝金酸酒仰视,low-angle hero / subject lower third,output/images/1141_tambourine.jpg,success,"Low-angle hero still-life of a single coupe glass on dark stone, subject in the lower third with dramatic dark space and a soft light bloom above. A pale golden-tan vodka, pineapple and tamarind sour served up, gently translucent and bright, no ice, half a kaffir lime leaf resting on the surface, a fine delicate sheen, elegant stem. Warm side light rims the bowl against deep shadow, cinematic low-key palette, shallow depth of field, creamy bokeh, 85mm feel, hyper-detailed, photorealistic, 8k, single cocktail glass only, no other glasses, restrained harmonious low-saturation background, no text, no letters, no numbers, no logo, no watermark",低角度英雄式静物：一只碟形杯置于深色石面上，主体位于下三分，上方留出戏剧暗部与柔和光晕。酒体为淡金褐色的伏特加菠萝罗望子酸酒，净饮上桌，微微半透而明亮，无冰，酒面停半片泰国青柠叶，泛细腻光泽，杯脚优雅。暖侧光勾勒杯身、映衬深暗阴影，电影暗调，浅景深奶油散景，85mm感，超精细，写实，8k。
1144,Barbary Coast Bulldog,巴巴里海岸斗牛犬,Bucket,咖啡奶油可乐俯45,high-angle 45 overhead / off-center,output/images/1144_barbary_coast_bulldog.jpg,success,"High-angle 45-degree still-life of a single bucket glass on a dark surface, subject offset to reveal the tabletop. A creamy coffee-brown vodka, espresso-liqueur and cream drink over clear ice topped with cola, swirling layers of pale cream and dark cola marbling together, fine bubbles, a dark Luxardo cherry on top, cool condensation. Soft warm light from upper left casting a gentle shadow, cozy low-key palette, shallow depth of field, creamy bokeh, 100mm feel, hyper-detailed, photorealistic, 8k, single cocktail glass only, no other glasses, restrained harmonious low-saturation background, no text, no letters, no numbers, no logo, no watermark",45度高角度俯拍静物：一只冰桶杯置于深色台面，主体偏置露出台面。酒体为奶香咖啡棕的伏特加浓缩咖啡利口酒奶油调，浇于通透冰上、以可乐补顶，浅奶色与深可乐交融出大理石纹，细泡活跃，顶部一颗深色路萨朵樱桃，杯身凝结冷珠。左上方柔和暖光投出淡影，温馨暗调，浅景深奶油散景，100mm感，超精细，写实，8k。
1147,The No.3 Winter Cup,3号冬季杯,Highball Glass,红琥珀冬杯环境景,wide environmental / subject small,output/images/1147_the_no_3_winter_cup.jpg,success,"Wide environmental still-life, a single tall highball glass standing small within a softly lit winter nook, subject about a quarter of the frame with ambient space around. A pale reddish-amber gin, ginger and red-vermouth cooler over clear ice topped with lemonade, lightly effervescent, gently translucent, a ginger slice and a pink grapefruit wedge as garnish, cool condensation. Warm ambient light with soft blurred bokeh behind kept low in saturation, cozy low-key palette, shallow depth of field, 85mm feel, hyper-detailed, photorealistic, 8k, single cocktail glass only, no other glasses, restrained harmonious low-saturation background, no text, no letters, no numbers, no logo, no watermark",广角环境静物：一只高身高球杯较小地立于柔光冬日角落，主体约占画幅四分之一，四周环境留白。酒体为淡红琥珀色的金酒姜味红味美思清凉调，浇于通透冰上、以柠檬水补顶，轻带气泡，微微半透，以一片姜与一角粉红西柚装饰，杯身凝结冷珠。暖调环境光配背后低饱和的柔和散景，温馨暗调，浅景深，85mm感，超精细，写实，8k。
1152,Passionate Pigeon,热情鸽子,Collins,百香荔枝一角,minimalist negative space / corner,output/images/1152_passionate_pigeon.jpg,success,"Minimalist tropical still-life, a single tall Collins glass pushed to the lower-left corner with vast clean negative space and soft shadow. A golden-orange rum, lychee and passion-fruit cooler over crushed ice topped with a ginger-beer float, gently cloudy with passion-fruit seeds suspended, half a passion fruit perched on the rim, cool condensation. Soft directional daylight grazing from the right, warm low-saturation palette, shallow depth of field, creamy bokeh, 100mm macro feel, hyper-detailed, photorealistic, 8k, single cocktail glass only, no other glasses, restrained harmonious low-saturation background, no text, no letters, no numbers, no logo, no watermark",极简热带静物：一只高身可林杯被推到画面左下角，其余是大片干净负空间与柔和阴影。酒体为金橙色的朗姆荔枝百香果清凉调，浇于碎冰上、以姜汁啤酒浮层补顶，微浑并悬浮百香果籽，杯沿卡半颗百香果，杯身凝结冷珠。右侧柔和定向日光掠过，低饱和暖色调，浅景深奶油散景，100mm微距感，超精细，写实，8k。
1154,The No.3 Winter Punch,三号冬季宾治,Punch Bowl,冬季潘趣框景,foreground framing / through blur,output/images/1154_the_no_3_winter_punch.jpg,success,"Layered still-life shot through a soft blurred foreground of ginger and citrus, a single stemmed punch cup in the mid-ground offset from center, warm depth. A pale reddish-amber gin, ginger and vermouth punch over clear ice with lemonade, lightly effervescent and gently translucent, a pink grapefruit wedge and ginger slice as garnish, cool condensation. Warm side light against a shadowed backdrop, cozy low-key palette, shallow depth of field, creamy bokeh, 85mm macro feel, hyper-detailed, photorealistic, 8k, single cocktail glass only, no other glasses, restrained harmonious low-saturation background, no text, no letters, no numbers, no logo, no watermark",层次感静物，透过虚化的前景姜片与柑橘拍摄：一只高脚潘趣杯位于中景、偏离正中，暖调纵深。酒体为淡红琥珀色的金酒姜味味美思潘趣，浇于通透冰上、带柠檬水，轻带气泡、微微半透，以一角粉红西柚与一片姜装饰，杯身凝结冷珠。暖侧光映衬阴影背景，温馨暗调，浅景深奶油散景，85mm微距感，超精细，写实，8k。
1153,Mayan Decadence,玛雅奢靡,Bucket,巧克力龙舌兰长焦,telephoto compression / off-center third,output/images/1153_mayan_decadence.jpg,success,"Cinematic telephoto still-life, a single bucket glass on the right third line with deep compressed creamy bokeh of a dim bar behind, shallow focal plane. A deep amber-brown anejo tequila and mole-bitters drink over clear ice, richly translucent with a chocolatey depth, an expressed orange peel draped over the rim, subtle chill sheen. Warm directional light rims the glass against cool shadow, refined moody low-key palette, 135mm compression, creamy bokeh, hyper-detailed, photorealistic, 8k, single cocktail glass only, no other glasses, restrained harmonious low-saturation background, no text, no letters, no numbers, no logo, no watermark",电影感长焦静物：一只冰桶杯置于右侧三分线，背后是深邃压缩的昏暗酒吧奶油散景，焦平面浅。酒体为深琥珀棕的陈年龙舌兰莫莱苦精调，浇于通透冰上，浓郁半透、带巧克力般纵深，杯沿搭一条挤香橙皮，泛冷凝光泽。暖调定向光勾勒杯身、映衬冷调阴影，考究暗调，135mm压缩，奶油散景，超精细，写实，8k。
1163,Desmond's Choice,德斯蒙德之选,Old Fashioned Glass,可可波本俯拍,off-center flat lay / top-down,output/images/1163_desmond_s_choice.jpg,success,"Overhead top-down flat-lay still-life, a single Old Fashioned glass placed off-center on a dark wood surface, clean space with a curled orange peel and a dark cherry nearby. A deep amber-brown bourbon and creme-de-cacao old-fashioned over one large clear ice cube, richly translucent seen from above, an expressed orange peel and a Luxardo cherry resting on top, subtle chill sheen. Dramatic hard side light casting a crisp shadow across the grain, moody low-key palette, shallow depth of field, 100mm feel, hyper-detailed, photorealistic, 8k, single cocktail glass only, no other glasses, restrained harmonious low-saturation background, no text, no letters, no numbers, no logo, no watermark",90度俯拍平铺静物：一只古典杯偏置于深色木面上，周围留白，一旁一条橙皮卷与一颗深色樱桃。酒体为深琥珀棕的波本可可古典调，浇于一块通透大冰上，俯视浓郁半透，酒面停一条挤香橙皮与一颗路萨朵樱桃，泛冷凝光泽。单侧戏剧硬光在木纹上投出利落阴影，暗调，浅景深，100mm感，超精细，写实，8k。
1174,The 42nd Round,第42轮,,深琥珀调和剪影,distant backlit rim / subject to side,output/images/1174_the_42nd_round.jpg,success,"Quiet cinematic still-life, a single stemmed cocktail glass set small to one side, backlit by a soft warm glow rimming its silhouette, large atmospheric space dominating. A deep amber gin and blended-scotch stir with quinquina served up, richly translucent and glowing with warm garnet depth, no ice, no garnish, an elegant glossy surface, fine stem. Warm side-back light with a distant tiny accent, brooding low-key palette, shallow depth of field, creamy bokeh, 85mm feel, hyper-detailed, photorealistic, 8k, single cocktail glass only, no other glasses, restrained harmonious low-saturation background, no text, no letters, no numbers, no logo, no watermark",静谧电影感静物：一只高脚鸡尾酒杯较小地置于画面一侧，被柔和暖光逆光勾出轮廓，大片氛围空间主导画面。酒体为深琥珀色的金酒调和苏格兰金鸡纳搅拌调，净饮上桌，浓郁半透、泛暖石榴红纵深，无冰无装饰，酒面光亮优雅，杯脚纤细。暖调侧逆光配远处一点极小暖光，深沉暗调，浅景深奶油散景，85mm感，超精细，写实，8k。
1177,Trip to Jarnac,雅纳克之旅,,干邑金酸酒左置,off-center-left / medium,output/images/1177_trip_to_jarnac.jpg,success,"Soft editorial still-life of a single chilled cocktail glass on a pale surface, subject on the left third with airy negative space to the right, medium shot. A golden-amber cognac and arrack sour, gently cloudy and translucent with a warm citrus glow, no ice, no garnish, a fine delicate surface sheen, clean stem. Soft diffused daylight from the right, refined low-saturation palette, shallow depth of field, creamy bokeh, 100mm macro feel, hyper-detailed, photorealistic, 8k, single cocktail glass only, no other glasses, restrained harmonious low-saturation background, no text, no letters, no numbers, no logo, no watermark",柔和编辑风静物：一只冰镇鸡尾酒杯置于浅色台面左侧三分处，右侧轻盈留白，中景。酒体为金琥珀色的干邑亚力酒酸酒，微浑半透、带温暖柑橘光泽，无冰无装饰，酒面泛细腻光泽，杯脚洁净。右侧柔和漫射日光，考究低饱和色调，浅景深奶油散景，100mm微距感，超精细，写实，8k。
1175,The Nutty Sensation,坚果感官,Coupe,核桃干邑右置,off-center-right / medium,output/images/1175_the_nutty_sensation.jpg,success,"Refined still-life of a single coupe glass on a dark surface, subject on the right third with soft shadowed space to the left, medium shot. A golden-amber gin, cognac and sherry stir washed with walnut oil, richly translucent with a warm nutty sheen on the surface, no ice, no garnish, elegant clean stem. Warm directional light rakes the bowl against a dim backdrop, sophisticated nutty low-key palette, shallow depth of field, creamy bokeh, 85mm macro feel, hyper-detailed, photorealistic, 8k, single cocktail glass only, no other glasses, restrained harmonious low-saturation background, no text, no letters, no numbers, no logo, no watermark",考究静物：一只碟形杯置于深色台面右侧三分处，左侧柔和阴影留白，中景。酒体为金琥珀色的金酒干邑雪莉搅拌调、以核桃油洗杯，浓郁半透、酒面泛温暖坚果光泽，无冰无装饰，杯脚洁净优雅。暖调定向光扫过杯身、映衬昏暗背景，考究坚果暗调，浅景深奶油散景，85mm微距感，超精细，写实，8k。
1184,You're Bitter Than That,你比那更苦,Coupe,樱桃粉龙舌兰仰视,low-angle hero / subject lower third,output/images/1184_you_re_bitter_than_that.jpg,success,"Low-angle hero still-life of a single coupe glass on dark stone, subject in the lower third with dramatic dark space and a soft light bloom above. A reddish-pink blanco tequila, bitter and cherry-liqueur sour served up, jewel-translucent and glowing rosy, no ice, an expressed orange twist resting on the rim, delicate surface sheen, elegant stem. Warm side light rims the bowl against deep shadow, cinematic low-key palette, shallow depth of field, creamy bokeh, 85mm feel, hyper-detailed, photorealistic, 8k, single cocktail glass only, no other glasses, restrained harmonious low-saturation background, no text, no letters, no numbers, no logo, no watermark",低角度英雄式静物：一只碟形杯置于深色石面上，主体位于下三分，上方留出戏剧暗部与柔和光晕。酒体为红粉色的白龙舌兰苦酒樱桃利口酸酒，净饮上桌，宝石般半透、泛玫瑰光，无冰，杯沿搭一条挤香橙皮，酒面泛细腻光泽，杯脚优雅。暖侧光勾勒杯身、映衬深暗阴影，电影暗调，浅景深奶油散景，85mm感，超精细，写实，8k。
1190,Feingold,费因戈尔德,,樱桃白兰地俯45,high-angle 45 overhead / off-center,output/images/1190_feingold.jpg,success,"Moody high-angle 45-degree still-life of a single cocktail glass on dark slate, subject offset to reveal the surface. A deep cherry-amber brandy and cherry-liqueur drink over cracked ice, richly translucent with a garnet glow seen from above, two Luxardo cherries and an orange peel flag on a pick resting across the rim, subtle chill sheen. Dramatic warm directional light from upper left casting a crisp shadow, cinematic low-key palette, shallow depth of field, creamy bokeh, 100mm feel, hyper-detailed, photorealistic, 8k, single cocktail glass only, no other glasses, restrained harmonious low-saturation background, no text, no letters, no numbers, no logo, no watermark",暗调45度高角度俯拍静物：一只鸡尾酒杯置于深色石板上，主体偏置露出台面。酒体为深樱桃琥珀色的白兰地樱桃利口酒调，浇于碎冰上，俯视浓郁半透、泛石榴红光，杯沿横搭一支串着两颗路萨朵樱桃与橙皮旗的酒签，泛冷凝光泽。左上方戏剧暖调定向光投出利落阴影，电影暗调，浅景深奶油散景，100mm感，超精细，写实，8k。
1199,Stone Fruit Patch V1,核果园 V1,,蜜桃莓红环境景,wide environmental / subject small,output/images/1199_stone_fruit_patch_v1.jpg,success,"Wide environmental still-life, a single rocks glass standing small within a softly lit fresh setting, subject about a quarter of the frame with ambient space around. A rosy peach-pink maraschino and raspberry sour over fresh clear ice, gently cloudy and fruit-forward, a fresh raspberry and a mint sprig as garnish, cool condensation. Soft bright ambient light with a gentle bokeh backdrop kept low in saturation, fresh low-key palette, shallow depth of field, 85mm feel, hyper-detailed, photorealistic, 8k, single cocktail glass only, no other glasses, restrained harmonious low-saturation background, no text, no letters, no numbers, no logo, no watermark",广角环境静物：一只古典杯较小地立于柔光清新场景中，主体约占画幅四分之一，四周环境留白。酒体为玫瑰蜜桃粉的黑樱桃利口酒覆盆子酸酒，浇于新鲜通透冰上，微浑而果香浓，以一颗新鲜覆盆子与一枝薄荷装饰，杯身凝结冷珠。柔和明亮环境光配低饱和的轻柔散景背景，清新暗调，浅景深，85mm感，超精细，写实，8k。
1196,Ginger Pigeon,姜汁粉鸽,,菠萝姜金一角,minimalist negative space / corner,output/images/1196_ginger_pigeon.jpg,success,"Minimalist still-life, a single stemmed cocktail glass pushed to the upper-right corner with vast clean negative space and soft gradient shadow. A golden-orange rum, aperitivo and pineapple sour with a pale ginger-beer float clouding the top, gently cloudy and fresh, fine bubbles, a small pineapple leaf hint, cool condensation. Soft directional daylight grazing from the left, warm low-saturation palette, shallow depth of field, creamy bokeh, 100mm macro feel, hyper-detailed, photorealistic, 8k, single cocktail glass only, no other glasses, restrained harmonious low-saturation background, no text, no letters, no numbers, no logo, no watermark",极简静物：一只高脚鸡尾酒杯被推到画面右上角，其余是大片干净负空间与柔和渐变阴影。酒体为金橙色的朗姆开胃酒菠萝酸酒，顶部姜汁啤酒浮层泛白微浑，果香清新，细泡活跃，点缀一小片菠萝叶，杯身凝结冷珠。左侧柔和定向日光掠过，低饱和暖色调，浅景深奶油散景，100mm微距感，超精细，写实，8k。
1198,Stone Fruit Patch V2,核果园 V2,Coupe,蜜桃气泡框景,foreground framing / through blur,output/images/1198_stone_fruit_patch_v2.jpg,success,"Layered still-life shot through a soft blurred foreground of fresh raspberries, a single coupe glass in the mid-ground offset from center, fresh depth. A rosy peach-pink maraschino and raspberry sparkler, gently cloudy with fine bubbles rising from the sparkling wine, a fresh raspberry and a mint sprig on the rim, delicate chill sheen, clean stem. Soft bright directional light against a gentle bokeh backdrop, fresh pastel low-key palette, shallow depth of field, creamy bokeh, 85mm macro feel, hyper-detailed, photorealistic, 8k, single cocktail glass only, no other glasses, restrained harmonious low-saturation background, no text, no letters, no numbers, no logo, no watermark",层次感静物，透过虚化的前景鲜覆盆子拍摄：一只碟形杯位于中景、偏离正中，清新纵深。酒体为玫瑰蜜桃粉的黑樱桃利口酒覆盆子起泡调，微浑并因起泡酒而细泡上升，杯沿一颗新鲜覆盆子与一枝薄荷，泛微凉光泽，杯脚洁净。柔和明亮定向光配轻柔散景背景，清新粉彩暗调，浅景深奶油散景，85mm微距感，超精细，写实，8k。
1206,Mystique Green (Adapted),神秘绿（改编版）,,奇异果绿长焦,telephoto compression / off-center third,output/images/1206_mystique_green_adapted.jpg,success,"Cinematic telephoto still-life, a single stemmed cocktail glass on the left third line with deep compressed creamy bokeh of a muted interior behind, shallow focal plane. A pale kiwi-green gin, triple-sec and elderflower sour, gently cloudy and translucent with fine flecks of kiwi, no ice, a thin kiwi slice on the rim, delicate sheen, clean stem. Soft cool directional light rims the bowl against gentle shadow, fresh refined low-key palette, 135mm compression, creamy bokeh, hyper-detailed, photorealistic, 8k, single cocktail glass only, no other glasses, restrained harmonious low-saturation background, no text, no letters, no numbers, no logo, no watermark",电影感长焦静物：一只高脚鸡尾酒杯置于左侧三分线，背后是深邃压缩的低调室内奶油散景，焦平面浅。酒体为淡奇异果绿的金酒橙酒接骨木花酸酒，微浑半透、带细碎奇异果籽，无冰，杯沿一薄片奇异果，泛细腻光泽，杯脚洁净。柔和冷调定向光勾勒杯身、映衬淡影，清新考究暗调，135mm压缩，奶油散景，超精细，写实，8k。
1208,The Reserved King,珍藏之王,,金琥珀威士忌俯拍,off-center flat lay / top-down,output/images/1208_the_reserved_king.jpg,success,"Overhead top-down flat-lay still-life, a single chilled cocktail glass placed off-center on a dark honed stone surface, clean space with a curled lemon peel nearby. A golden-amber scotch and ginger stir served up, brilliantly translucent seen from above, no ice, an expressed lemon peel resting on the surface, elegant sheen. Dramatic hard directional light from one side casting a crisp shadow, moody low-key palette, shallow depth of field, 100mm feel, hyper-detailed, photorealistic, 8k, single cocktail glass only, no other glasses, restrained harmonious low-saturation background, no text, no letters, no numbers, no logo, no watermark",90度俯拍平铺静物：一只冰镇鸡尾酒杯偏置于深色哑光石面上，周围留白，一旁一条柠檬皮卷。酒体为金琥珀色的苏格兰威士忌姜味搅拌调，净饮上桌，俯视晶莹半透，无冰，酒面停一条挤香柠檬皮，泛优雅光泽。单侧戏剧硬光投出利落阴影，暗调，浅景深，100mm感，超精细，写实，8k。
1215,Ode to Kinshi,金狮赞歌,Coupe,余市烟熏剪影,distant backlit rim / subject to side,output/images/1215_ode_to_kinshi.jpg,success,"Quiet cinematic still-life, a single coupe glass set small to one side, backlit by a soft warm glow rimming its silhouette, large atmospheric space dominating. A deep reddish-amber Yoichi whisky and amaro stir served up, richly translucent with a mahogany-chocolate depth, no ice, a thin red apple slice resting on the rim, a faint smoky whisky aroma, elegant stem. Warm side-back light with a distant tiny accent, serene smoky low-key palette, shallow depth of field, creamy bokeh, 85mm feel, hyper-detailed, photorealistic, 8k, single cocktail glass only, no other glasses, restrained harmonious low-saturation background, no text, no letters, no numbers, no logo, no watermark",静谧电影感静物：一只碟形杯较小地置于画面一侧，被柔和暖光逆光勾出轮廓，大片氛围空间主导画面。酒体为深红琥珀色的余市威士忌苦酒搅拌调，净饮上桌，浓郁半透、带赤褐巧克力纵深，无冰，杯沿搭一薄片红苹果，透出淡淡威士忌烟熏香，杯脚优雅。暖调侧逆光配远处一点极小暖光，宁静烟熏暗调，浅景深奶油散景，85mm感，超精细，写实，8k。
1210,Japonais No.3,日式三号,Highball Glass,黄瓜莓橙左置,off-center-left / medium,output/images/1210_japonais_no_3.jpg,success,"Fresh lifestyle still-life of a single tall highball glass on a pale surface, subject on the left third with airy negative space to the right, medium shot. A pale orange-pink gin, ginger and orange cooler over clear ice with muddled cucumber and raspberry, gently cloudy and fresh, a candied ginger stick garnish, cool condensation. Soft daylight from the right, fresh low-saturation palette, shallow depth of field, creamy bokeh, 85mm macro feel, hyper-detailed, photorealistic, 8k, single cocktail glass only, no other glasses, restrained harmonious low-saturation background, no text, no letters, no numbers, no logo, no watermark",清新生活方式静物：一只高身高球杯置于浅色台面左侧三分处，右侧轻盈留白，中景。酒体为淡橙粉色的金酒姜味橙汁清凉调，浇于通透冰上、含捣碎黄瓜与覆盆子，微浑而清新，以一根姜糖棒装饰，杯身凝结冷珠。右侧柔和日光，清新低饱和色调，浅景深奶油散景，85mm微距感，超精细，写实，8k。
1220,Garrison's New Fashioned,加里森新古典,Old Fashioned Glass,杏子波本右置,off-center-right / medium,output/images/1220_garrison_s_new_fashioned.jpg,success,"Moody still-life of a single Old Fashioned glass on aged dark wood, subject on the right third with soft shadowed space to the left, medium shot. A deep amber bourbon and apricot-liqueur old-fashioned over one large clear ice cube, richly translucent and glowing warmly, an expressed lemon peel and a dark cherry resting inside, subtle chill sheen. Warm tungsten side light rakes the glass against a dim backdrop, sophisticated low-key palette, shallow depth of field, creamy bokeh, 85mm macro feel, hyper-detailed, photorealistic, 8k, single cocktail glass only, no other glasses, restrained harmonious low-saturation background, no text, no letters, no numbers, no logo, no watermark",暗调静物：一只古典杯置于做旧深色木面右侧三分处，左侧柔和阴影留白，中景。酒体为深琥珀色的波本杏子利口酒古典调，浇于一块通透大冰上，浓郁半透、暖调发光，杯中放一条挤香柠檬皮与一颗深色樱桃，泛冷凝光泽。暖钨丝侧光扫过酒杯、映衬昏暗背景，考究暗调，浅景深奶油散景，85mm微距感，超精细，写实，8k。
1221,Pina Del Este,东方松林,Rocks Glass,菠萝金仰视,low-angle hero / subject lower third,output/images/1221_pina_del_este.jpg,success,"Low-angle hero still-life of a single rocks glass on dark stone, subject in the lower third with dramatic dark space and a soft light bloom above. A cloudy pale golden amaretto, pineapple and lime drink over clear ice with a pisco float, gently opaque and fruit-forward, muddled pineapple flecks visible, a single edible flower on top, cool condensation. Warm side light rims the glass against deep shadow, cinematic low-key palette, shallow depth of field, creamy bokeh, 85mm feel, hyper-detailed, photorealistic, 8k, single cocktail glass only, no other glasses, restrained harmonious low-saturation background, no text, no letters, no numbers, no logo, no watermark",低角度英雄式静物：一只古典杯置于深色石面上，主体位于下三分，上方留出戏剧暗部与柔和光晕。酒体为微浑淡金色的杏仁酒菠萝青柠调，浇于通透冰上、带皮斯科浮层，微浊而果香浓，可见捣碎菠萝碎，顶部一朵可食用花，杯身凝结冷珠。暖侧光勾勒杯身、映衬深暗阴影，电影暗调，浅景深奶油散景，85mm感，超精细，写实，8k。
1234,Harms' Way,哈姆斯之路,Coupe,金琥珀苦酒俯45,high-angle 45 overhead / off-center,output/images/1234_harms_way.jpg,success,"Elegant high-angle 45-degree still-life of a single coupe glass on a pale stone surface, subject offset to reveal the tabletop. A pale golden-amber bitter bianco and tequila stir served up, crystal clear and translucent seen from above, no ice, a curled lemon peel resting on the surface, delicate sheen. Soft cool daylight from upper left casting a gentle shadow, refined low-saturation palette, shallow depth of field, creamy bokeh, 100mm macro feel, hyper-detailed, photorealistic, 8k, single cocktail glass only, no other glasses, restrained harmonious low-saturation background, no text, no letters, no numbers, no logo, no watermark",优雅的45度高角度俯拍静物：一只碟形杯置于浅色石面，主体偏置露出台面。酒体为淡金琥珀色的白色苦酒龙舌兰搅拌调，净饮上桌，俯视晶莹半透，无冰，酒面停一条卷曲柠檬皮，泛细腻光泽。左上方柔和冷调日光投出淡影，考究低饱和色调，浅景深奶油散景，100mm微距感，超精细，写实，8k。
1241,Fernet Frappe,菲奈特冰沙,,菲奈特碎冰环境景,wide environmental / subject small,output/images/1241_fernet_frappe.jpg,success,"Wide environmental still-life, a single stemmed glass standing small within a softly lit setting, subject about a quarter of the frame with ambient space around. A dark cola-brown fernet, ginger and cola frappe over glistening crushed ice, deeply translucent with a minty freshness, a bright English mint sprig tucked in, cool frosty condensation. Warm ambient light with soft blurred bokeh behind kept low in saturation, refined low-key palette, shallow depth of field, 85mm feel, hyper-detailed, photorealistic, 8k, single cocktail glass only, no other glasses, restrained harmonious low-saturation background, no text, no letters, no numbers, no logo, no watermark",广角环境静物：一只高脚杯较小地立于柔光场景中，主体约占画幅四分之一，四周环境留白。酒体为深可乐棕的菲奈特姜味可乐冰沙，浇于晶莹碎冰上，深邃半透、带薄荷清爽，插一枝鲜亮英国薄荷，杯身凝结冰霜冷珠。暖调环境光配背后低饱和的柔和散景，考究暗调，浅景深，85mm感，超精细，写实，8k。
1243,The Twinger,双姜客,Collins,姜金气泡一角,minimalist negative space / corner,output/images/1243_the_twinger.jpg,success,"Minimalist still-life, a single tall Collins glass pushed to the lower-left corner with vast clean negative space and soft shadow. A pale golden ginger-liqueur and ginger-ale cooler over clear ice, lightly effervescent with fine bubbles rising, gently translucent, two dashes of dark bitters swirling at the top, a lime squeeze, cool condensation. Soft directional daylight grazing from the right, fresh low-saturation palette, shallow depth of field, creamy bokeh, 100mm macro feel, hyper-detailed, photorealistic, 8k, single cocktail glass only, no other glasses, restrained harmonious low-saturation background, no text, no letters, no numbers, no logo, no watermark",极简静物：一只高身可林杯被推到画面左下角，其余是大片干净负空间与柔和阴影。酒体为淡金色的姜味利口酒姜汁汽水清凉调，浇于通透冰上，轻带气泡、细泡上升，微微半透，顶部两滴深色苦精晕开，一角挤过的青柠，杯身凝结冷珠。右侧柔和定向日光掠过，清新低饱和色调，浅景深奶油散景，100mm微距感，超精细，写实，8k。
1244,No.3 & T,三号金汤力,Rocks Glass,金汤力框景,foreground framing / through blur,output/images/1244_no_3_t.jpg,success,"Layered still-life shot through a soft blurred foreground of lemon slices, a single rocks glass in the mid-ground offset from center, crisp depth. A pale crystal-clear gin and tonic over clear ice, luminous and translucent with lively fine bubbles rising, a fresh lemon slice tucked against the ice, cool condensation beading down. Soft cool directional light against a gentle bokeh backdrop, fresh clean low-key palette, shallow depth of field, creamy bokeh, 85mm macro feel, hyper-detailed, photorealistic, 8k, single cocktail glass only, no other glasses, restrained harmonious low-saturation background, no text, no letters, no numbers, no logo, no watermark",层次感静物，透过虚化的前景柠檬片拍摄：一只古典杯位于中景、偏离正中，清爽纵深。酒体为淡而晶莹的金汤力，浇于通透冰上，通透发光、细泡活跃上升，一片新鲜柠檬靠在冰旁，杯身凝结冷珠下滑。柔和冷调定向光配轻柔散景背景，清新干净暗调，浅景深奶油散景，85mm微距感，超精细，写实，8k。
1247,San Fran Soda,旧金山苏打,Pint Glass,啤酒金长焦,telephoto compression / off-center third,output/images/1247_san_fran_soda.jpg,success,"Cinematic telephoto still-life, a single pint glass on the right third line with deep compressed creamy bokeh of a warm interior behind, shallow focal plane. A pale golden vodka, lime and steam-beer cooler over clear ice with a light foamy beer cap and fine bubbles, gently translucent, a lemon wedge on the rim, cool condensation. Soft warm directional light rims the glass, relaxed low-key palette, 135mm compression, creamy bokeh, hyper-detailed, photorealistic, 8k, single cocktail glass only, no other glasses, restrained harmonious low-saturation background, no text, no letters, no numbers, no logo, no watermark",电影感长焦静物：一只品脱杯置于右侧三分线，背后是深邃压缩的暖调室内奶油散景，焦平面浅。酒体为淡金色的伏特加青柠蒸汽啤酒清凉调，浇于通透冰上、带一层轻盈啤酒泡沫盖与细泡，微微半透，杯沿一角柠檬，杯身凝结冷珠。柔和暖调定向光勾勒杯身，慵懒暗调，135mm压缩，奶油散景，超精细，写实，8k。
1245,3 & Tree,三号与树,Collins,石榴籽金汤力俯拍,off-center flat lay / top-down,output/images/1245_3_tree.jpg,success,"Overhead top-down flat-lay still-life, a single tall Collins glass placed off-center on a pale surface, clean surrounding space. A pale crystal-clear gin and tonic over clear ice with a ruby-red quinquina float layered on top and a small spoonful of glistening pomegranate seeds floating, lively fine bubbles seen from above, cool condensation ring. Soft diffused daylight casting a gentle shadow, fresh low-saturation palette, shallow depth of field, 100mm feel, hyper-detailed, photorealistic, 8k, single cocktail glass only, no other glasses, restrained harmonious low-saturation background, no text, no letters, no numbers, no logo, no watermark",90度俯拍平铺静物：一只高身可林杯偏置于浅色台面上，周围留白。酒体为淡而晶莹的金汤力，浇于通透冰上，顶部覆一层红宝石色金鸡纳浮层，漂着一小勺晶亮石榴籽，俯视细泡活跃，台面留一圈冷凝水痕。柔和漫射日光投出淡影，清新低饱和色调，浅景深，100mm感，超精细，写实，8k。
1242,Red Bud Trail,红芽小径,Martini,樱桃红马天尼剪影,distant backlit rim / subject to side,output/images/1242_red_bud_trail.jpg,success,"Quiet cinematic still-life, a single martini glass set small to one side, backlit by a soft warm glow rimming its silhouette, large atmospheric space dominating. A deep cherry-red gin and cherry-liqueur martini with vermouth, richly translucent and glowing garnet, no ice, an expressed orange twist resting on the rim, elegant thin stem. Warm side-back light with a distant tiny accent, serene low-key palette, shallow depth of field, creamy bokeh, 85mm feel, hyper-detailed, photorealistic, 8k, single cocktail glass only, no other glasses, restrained harmonious low-saturation background, no text, no letters, no numbers, no logo, no watermark",静谧电影感静物：一只马天尼杯较小地置于画面一侧，被柔和暖光逆光勾出轮廓，大片氛围空间主导画面。酒体为深樱桃红的金酒樱桃利口酒味美思马天尼，浓郁半透、泛石榴红光，无冰，杯沿搭一条挤香橙皮，杯脚纤细优雅。暖调侧逆光配远处一点极小暖光，宁静暗调，浅景深奶油散景，85mm感，超精细，写实，8k。
1250,Ch?teau Montifaud on the Rocks,蒙蒂福城堡加冰,,干邑纯饮左置,off-center-left / medium,output/images/1250_ch_teau_montifaud_on_the_rocks.jpg,success,"Elegant spirit-forward still-life of a single rocks glass on aged dark wood, subject on the left third with soft shadowed space to the right, medium shot. A deep amber XO cognac over three clear ice cubes, brilliantly translucent and glowing warmly with rich caramel depth, no garnish, elegant chill sheen and faint condensation. Warm tungsten side light rakes the glass against a dim backdrop, refined low-key palette, shallow depth of field, creamy bokeh, 85mm macro feel, hyper-detailed, photorealistic, 8k, single cocktail glass only, no other glasses, restrained harmonious low-saturation background, no text, no letters, no numbers, no logo, no watermark",优雅、以烈酒为主角的静物：一只古典杯置于做旧深色木面左侧三分处，右侧柔和阴影留白，中景。酒体为深琥珀色的XO干邑，浇于三块通透冰上，晶莹半透、暖调发光、带浓郁焦糖纵深，无装饰，泛冷凝光泽与微珠。暖钨丝侧光扫过酒杯、映衬昏暗背景，考究暗调，浅景深奶油散景，85mm微距感，超精细，写实，8k。
1251,Ch?teau Montifaud Pink Love,蒙蒂福城堡粉红之爱,,覆盆子香槟右置,off-center-right / medium,output/images/1251_ch_teau_montifaud_pink_love.jpg,success,"Romantic still-life of a single chilled cocktail glass on a pale surface, subject on the right third with airy negative space to the left, medium shot. A rosy pink cognac, lemon and raspberry cocktail topped with chilled champagne, gently translucent with fine bubbles rising, three fresh raspberries resting on the rim, delicate chill sheen, clean stem. Soft bright daylight from the left, fresh pastel low-saturation palette, shallow depth of field, creamy bokeh, 100mm macro feel, hyper-detailed, photorealistic, 8k, single cocktail glass only, no other glasses, restrained harmonious low-saturation background, no text, no letters, no numbers, no logo, no watermark",浪漫静物：一只冰镇鸡尾酒杯置于浅色台面右侧三分处，左侧轻盈留白，中景。酒体为玫瑰粉的干邑柠檬覆盆子鸡尾酒、以冰镇香槟补顶，微微半透、细泡上升，杯沿架三颗新鲜覆盆子，泛微凉光泽，杯脚洁净。左侧柔和明亮日光，清新粉彩低饱和色调，浅景深奶油散景，100mm微距感，超精细，写实，8k。
1256,Ch?teau Montifaud Lady Touch Triple Sec,蒙蒂福城堡淑女之触橙味利口酒,,薄荷金酸酒仰视,low-angle hero / subject lower third,output/images/1256_ch_teau_montifaud_lady_touch_triple_sec.jpg,success,"Low-angle hero still-life of a single cocktail glass on dark stone, subject in the lower third with dramatic dark space and a soft light bloom above. A pale golden cognac and triple-sec sour with muddled mint, gently cloudy and translucent, no ice, a few fresh mint leaves floating on the surface, a fine delicate sheen, elegant stem. Warm side light rims the bowl against deep shadow, cinematic low-key palette, shallow depth of field, creamy bokeh, 85mm feel, hyper-detailed, photorealistic, 8k, single cocktail glass only, no other glasses, restrained harmonious low-saturation background, no text, no letters, no numbers, no logo, no watermark",低角度英雄式静物：一只鸡尾酒杯置于深色石面上，主体位于下三分，上方留出戏剧暗部与柔和光晕。酒体为淡金色的干邑橙酒薄荷酸酒，微浑半透，无冰，酒面浮几片新鲜薄荷叶，泛细腻光泽，杯脚优雅。暖侧光勾勒杯身、映衬深暗阴影，电影暗调，浅景深奶油散景，85mm感，超精细，写实，8k。
1262,Marchesa,女侯爵,Old Fashioned Glass,深红樱桃俯45,high-angle 45 overhead / off-center,output/images/1262_marchesa.jpg,success,"Moody high-angle 45-degree still-life of a single Old Fashioned glass on dark slate, subject offset to reveal the surface. A deep red-mahogany maraschino, bitter and cherry-liqueur drink over one large clear ice cube, richly translucent with a garnet glow seen from above, a dark Luxardo cherry and a dehydrated orange wheel garnishing the top, subtle chill sheen. Dramatic warm directional light from upper left casting a crisp shadow, cinematic low-key palette, shallow depth of field, creamy bokeh, 100mm feel, hyper-detailed, photorealistic, 8k, single cocktail glass only, no other glasses, restrained harmonious low-saturation background, no text, no letters, no numbers, no logo, no watermark",暗调45度高角度俯拍静物：一只古典杯置于深色石板上，主体偏置露出台面。酒体为深红赤褐色的黑樱桃利口酒苦味樱桃调，浇于一块通透大冰上，俯视浓郁半透、泛石榴红光，顶部以一颗深色路萨朵樱桃与一片脱水橙轮装饰，泛冷凝光泽。左上方戏剧暖调定向光投出利落阴影，电影暗调，浅景深奶油散景，100mm感，超精细，写实，8k。
1261,Kiss Of Persuasion,说服之吻,Coupe,奶油分层环境景,wide environmental / subject small,output/images/1261_kiss_of_persuasion.jpg,success,"Wide environmental still-life, a single small coupe glass standing modestly within a warm softly-lit nook, subject about a quarter of the frame with ambient space around. A pale amber maraschino and honey-pear liqueur crowned with a floating layer of fresh cream, a pinch of cardamom dusted on top, a dehydrated pear slice on the rim, gently translucent below, delicate texture. Warm ambient tungsten light with soft blurred bokeh behind kept low in saturation, indulgent low-key palette, shallow depth of field, 85mm feel, hyper-detailed, photorealistic, 8k, single cocktail glass only, no other glasses, restrained harmonious low-saturation background, no text, no letters, no numbers, no logo, no watermark",广角环境静物：一只小巧碟形杯从容地立于暖光角落，主体约占画幅四分之一，四周环境留白。酒体为淡琥珀色的黑樱桃利口酒蜂蜜梨利口酒，顶部漂浮一层鲜奶油，撒一撮豆蔻，杯沿一片脱水梨，泡沫下微微半透，质感细腻。暖钨丝环境光配背后低饱和的柔和散景，纵情暗调，浅景深，85mm感，超精细，写实，8k。
1274,The Last Marasca,最后的马拉斯卡,,淡玫瑰苦艾一角,minimalist negative space / corner,output/images/1274_the_last_marasca.jpg,success,"Minimalist still-life, a single stemmed cocktail glass pushed to the upper-right corner with vast clean negative space and soft gradient shadow. A pale rose-tinted gin and maraschino stir with an absinthe-rinsed glass, crystal clear and delicately blushed, no ice, a single dark Luxardo cherry resting at the bottom, a faint herbal aroma, elegant stem. Soft directional daylight grazing from the left, refined low-saturation palette, shallow depth of field, creamy bokeh, 100mm macro feel, hyper-detailed, photorealistic, 8k, single cocktail glass only, no other glasses, restrained harmonious low-saturation background, no text, no letters, no numbers, no logo, no watermark",极简静物：一只高脚鸡尾酒杯被推到画面右上角，其余是大片干净负空间与柔和渐变阴影。酒体为淡玫瑰色的金酒黑樱桃利口酒搅拌调、以苦艾酒涮杯，晶莹通透、微泛红晕，无冰，杯底沉一颗深色路萨朵樱桃，透出一丝草本香，杯脚优雅。左侧柔和定向日光掠过，考究低饱和色调，浅景深奶油散景，100mm微距感，超精细，写实，8k。
1277,Wooster 53,伍斯特53号,Champagne Flute,西柚姜蜂框景,foreground framing / through blur,output/images/1277_wooster_53.jpg,success_softened,"Layered still-life shot through a soft blurred foreground of grapefruit peel, a single champagne flute in the mid-ground offset from center, fresh depth. A pale grapefruit-gold gin sour with ginger-cardamom-honey syrup topped with a tonic float, fine bubbles rising through the translucent body, a slender grapefruit twist on the rim, delicate chill sheen. Soft bright directional light against a gentle bokeh backdrop, fresh low-key palette, shallow depth of field, creamy bokeh, 85mm macro feel, hyper-detailed, photorealistic, 8k, single cocktail glass only, no other glasses, restrained harmonious low-saturation background, no text, no letters, no numbers, no logo, no watermark",层次感静物，透过虚化的前景西柚皮拍摄：一只香槟笛杯位于中景、偏离正中，清新纵深。酒体为淡西柚金的金酒姜豆蔻蜂蜜酸酒、以汤力水补顶浮层，细密气泡穿过半透酒体上升，杯沿一条纤细西柚皮，泛微凉光泽。柔和明亮定向光配轻柔散景背景，清新暗调，浅景深奶油散景，85mm微距感，超精细，写实，8k。
1284,The House of Duncan,邓肯之家,,琥珀罗布罗伊长焦,telephoto compression / off-center third,output/images/1284_the_house_of_duncan.jpg,success,"Cinematic telephoto still-life, a single rocks glass on the left third line with deep compressed creamy bokeh of a dim bar behind, shallow focal plane. An amber-red scotch and cherry-liqueur Rob-Roy variation over clear ice, richly translucent and glowing warmly, a single dark Luxardo cherry resting inside, subtle chill sheen. Warm directional light rims the glass against cool shadow, refined low-key palette, 135mm compression, creamy bokeh, hyper-detailed, photorealistic, 8k, single cocktail glass only, no other glasses, restrained harmonious low-saturation background, no text, no letters, no numbers, no logo, no watermark",电影感长焦静物：一只古典杯置于左侧三分线，背后是深邃压缩的昏暗酒吧奶油散景，焦平面浅。酒体为琥珀红的苏格兰威士忌樱桃利口酒罗布罗伊变体，浇于通透冰上，浓郁半透、暖调发光，杯中沉一颗深色路萨朵樱桃，泛冷凝光泽。暖调定向光勾勒杯身、映衬冷调阴影，考究暗调，135mm压缩，奶油散景，超精细，写实，8k。
1287,Bakko & Zengo,巴科与禅悟,,威士忌蛋奶俯拍,off-center flat lay / top-down,output/images/1287_bakko_zengo.jpg,success,"Overhead top-down flat-lay still-life, a single brandy snifter placed off-center on a dark honed surface, clean surrounding space with a cinnamon stick nearby. A creamy pale coffee-tan whisky, allspice-dram and cream flip, thickly emulsified and opaque with a silky frothy cap, no ice, freshly grated cinnamon dusted across the foam seen from above, soft velvety texture. Warm directional light casting a gentle shadow, cozy indulgent low-key palette, shallow depth of field, 100mm feel, hyper-detailed, photorealistic, 8k, single cocktail glass only, no other glasses, restrained harmonious low-saturation background, no text, no letters, no numbers, no logo, no watermark",90度俯拍平铺静物：一只白兰地闻香杯偏置于深色哑光台面上，周围留白，一旁一支肉桂棒。酒体为奶香浅咖褐色的威士忌多香果奶油蛋调，浓稠乳化不透明、覆一层丝滑绵密泡沫盖，无冰，俯视可见泡沫上现磨肉桂粉，质地柔滑天鹅绒感。暖调定向光投出淡影，温馨纵情暗调，浅景深，100mm感，超精细，写实，8k。
1292,Northern Hemisphere (Nikka 12 Edition),北半球（Nikka 12年版）,,落日热带渐层剪影,distant backlit rim / subject to side,output/images/1292_northern_hemisphere_nikka_12_edition.jpg,success,"Quiet cinematic still-life, a single footed tropical glass set small to one side, backlit by a soft warm glow rimming its silhouette, large atmospheric space dominating. A sunset amber-to-red whisky, rum and curacao tropical drink over glistening crushed ice, gradient translucent from golden top to deep grenadine base, a lemon wheel with a tiny paper umbrella perched on the rim, cool frosty condensation. Warm side-back light with a distant tiny accent, moody dusk low-key palette, shallow depth of field, creamy bokeh, 85mm feel, hyper-detailed, photorealistic, 8k, single cocktail glass only, no other glasses, restrained harmonious low-saturation background, no text, no letters, no numbers, no logo, no watermark",静谧电影感静物：一只高脚热带杯较小地置于画面一侧，被柔和暖光逆光勾出轮廓，大片氛围空间主导画面。酒体为落日琥珀渐红的威士忌朗姆库拉索热带调，浇于晶莹碎冰上，从金色顶层到深红石榴糖浆底部呈半透渐层，杯沿卡一片柠檬轮配一把小纸伞，杯身凝结冰霜冷珠。暖调侧逆光配远处一点极小暖光，暮色暗调，浅景深奶油散景，85mm感，超精细，写实，8k。
1294,On the Fritz,弗里茨故障,,柠檬马鞭草左置,off-center-left / medium,output/images/1294_on_the_fritz.jpg,success,"Fresh lifestyle still-life of a single highball glass on a pale surface, subject on the left third with airy negative space to the right, medium shot. A pale golden gin, pineau and lemon-verbena cooler over fresh clear ice topped with young ginger ale, lightly effervescent with fine bubbles, gently translucent, a single lemon-verbena leaf tucked in, cool condensation. Soft daylight from the right, fresh low-saturation palette, shallow depth of field, creamy bokeh, 85mm macro feel, hyper-detailed, photorealistic, 8k, single cocktail glass only, no other glasses, restrained harmonious low-saturation background, no text, no letters, no numbers, no logo, no watermark",清新生活方式静物：一只高球杯置于浅色台面左侧三分处，右侧轻盈留白，中景。酒体为淡金色的金酒皮诺柠檬马鞭草清凉调，浇于新鲜通透冰上、以嫩姜汽水补顶，轻带气泡、细泡上升，微微半透，杯中插一片柠檬马鞭草叶，杯身凝结冷珠。右侧柔和日光，清新低饱和色调，浅景深奶油散景，85mm微距感，超精细，写实，8k。
1295,Bajo Control,掌控之下,Hurricane Glass,开胃酒拉格右置,off-center-right / medium,output/images/1295_bajo_control.jpg,success,"Relaxed still-life of a single tall hurricane glass on a pale surface, subject on the right third with airy negative space to the left, medium shot. A pale golden-amber aperitif-wine and vermouth cooler over clear ice topped with lager, a light foamy beer cap and fine bubbles, gently translucent, a long spiraled orange horse-neck peel draped inside, cool condensation. Soft daylight from the left, relaxed low-saturation palette, shallow depth of field, creamy bokeh, 85mm macro feel, hyper-detailed, photorealistic, 8k, single cocktail glass only, no other glasses, restrained harmonious low-saturation background, no text, no letters, no numbers, no logo, no watermark",慵懒静物：一只高身飓风杯置于浅色台面右侧三分处，左侧轻盈留白，中景。酒体为淡金琥珀色的开胃葡萄酒味美思清凉调，浇于通透冰上、以拉格啤酒补顶，覆一层轻盈啤酒泡沫盖、细泡活跃，微微半透，杯内垂一条长螺旋橙皮，杯身凝结冷珠。左侧柔和日光，慵懒低饱和色调，浅景深奶油散景，85mm微距感，超精细，写实，8k。
1300,Geaux Geaux Cup,前进杯,,接骨木粉红仰视,low-angle hero / subject lower third,output/images/1300_geaux_geaux_cup.jpg,success,"Low-angle hero still-life of a single coupe glass on dark stone, subject in the lower third with dramatic dark space and a soft light bloom above. A pale rosy-pink gin, quina and elderflower cooler topped with ginger ale, lightly effervescent with fine bubbles rising, gently translucent, a quartered cucumber slice on the rim, delicate sheen, elegant stem. Warm side light rims the bowl against deep shadow, fresh cinematic low-key palette, shallow depth of field, creamy bokeh, 85mm feel, hyper-detailed, photorealistic, 8k, single cocktail glass only, no other glasses, restrained harmonious low-saturation background, no text, no letters, no numbers, no logo, no watermark",低角度英雄式静物：一只碟形杯置于深色石面上，主体位于下三分，上方留出戏剧暗部与柔和光晕。酒体为淡玫瑰粉的金酒奎宁酒接骨木花清凉调、以姜汁汽水补顶，轻带气泡、细泡上升，微微半透，杯沿一角黄瓜片，泛细腻光泽，杯脚优雅。暖侧光勾勒杯身、映衬深暗阴影，清新电影暗调，浅景深奶油散景，85mm感，超精细，写实，8k。
1311,3AM,凌晨三点,,金干邑姜俯45,high-angle 45 overhead / off-center,output/images/1311_3am.jpg,success_softened,"Elegant high-angle 45-degree still-life of a single coupe glass on a pale stone surface, subject offset to reveal the tabletop. A pale golden gin, cognac and ginger sour served up, crystal clear and translucent seen from above, no ice, a lime wedge and a dark Luxardo cherry resting inside, delicate sheen. Soft cool daylight from upper left casting a gentle shadow, refined low-saturation palette, shallow depth of field, creamy bokeh, 100mm macro feel, hyper-detailed, photorealistic, 8k, single cocktail glass only, no other glasses, restrained harmonious low-saturation background, no text, no letters, no numbers, no logo, no watermark",优雅的45度高角度俯拍静物：一只碟形杯置于浅色石面，主体偏置露出台面。酒体为淡金色的金酒干邑姜味酸酒，净饮上桌，俯视晶莹半透，无冰，杯中放一角青柠与一颗深色路萨朵樱桃，泛细腻光泽。左上方柔和冷调日光投出淡影，考究低饱和色调，浅景深奶油散景，100mm微距感，超精细，写实，8k。
1317,The Windtalker,风语者,Old Fashioned Glass,杏仁波本泡沫环境景,wide environmental / subject small,output/images/1317_the_windtalker.jpg,success_softened,"Wide environmental still-life, a single Old Fashioned glass standing small within a softly lit setting, subject about a quarter of the frame with ambient space around. A creamy amber bourbon, amaretto and ginger sour over fresh clear ice with a silky egg-white foam cap, gently translucent below the foam, an orange slice as garnish, cool condensation. Warm ambient light with soft blurred bokeh behind kept low in saturation, refined low-key palette, shallow depth of field, 85mm feel, hyper-detailed, photorealistic, 8k, single cocktail glass only, no other glasses, restrained harmonious low-saturation background, no text, no letters, no numbers, no logo, no watermark",广角环境静物：一只古典杯较小地立于柔光场景中，主体约占画幅四分之一，四周环境留白。酒体为奶香琥珀色的波本杏仁酒姜味酸酒，浇于新鲜通透冰上、覆一层丝滑蛋白泡沫盖，泡沫下微微半透，以一片橙装饰，杯身凝结冷珠。暖调环境光配背后低饱和的柔和散景，考究暗调，浅景深，85mm感，超精细，写实，8k。
1318,Arapa Cocktail,阿拉帕鸡尾酒,Martini,皮斯科草黄一角,minimalist negative space / corner,output/images/1318_arapa_cocktail.jpg,success,"Minimalist still-life, a single martini glass pushed to the lower-left corner with vast clean negative space and soft shadow. A pale straw-gold pisco and gin sour served up, crystal clear and translucent, no ice, a single dark Luxardo cherry resting at the bottom, a fine delicate sheen, elegant thin stem. Soft directional daylight grazing from the right, refined low-saturation palette, shallow depth of field, creamy bokeh, 100mm macro feel, hyper-detailed, photorealistic, 8k, single cocktail glass only, no other glasses, restrained harmonious low-saturation background, no text, no letters, no numbers, no logo, no watermark",极简静物：一只马天尼杯被推到画面左下角，其余是大片干净负空间与柔和阴影。酒体为淡草黄金色的皮斯科金酒酸酒，净饮上桌，晶莹通透，无冰，杯底沉一颗深色路萨朵樱桃，泛细腻光泽，杯脚纤细优雅。右侧柔和定向日光掠过，考究低饱和色调，浅景深奶油散景，100mm微距感，超精细，写实，8k。
1322,Junipero Jolly,杜松子欢乐,Collins,青苹果鼠尾草框景,foreground framing / through blur,output/images/1322_junipero_jolly.jpg,success,"Layered still-life shot through a soft blurred foreground of green apple slices, a single tall Collins glass in the mid-ground offset from center, fresh depth. A cloudy pale green-gold gin, pommeau and green-apple sour over crushed ice, gently opaque and fruit-forward, a fresh sage leaf tucked at the top, cool frosty condensation. Soft bright directional light against a gentle bokeh backdrop, fresh low-key palette, shallow depth of field, creamy bokeh, 85mm macro feel, hyper-detailed, photorealistic, 8k, single cocktail glass only, no other glasses, restrained harmonious low-saturation background, no text, no letters, no numbers, no logo, no watermark",层次感静物，透过虚化的前景青苹果片拍摄：一只高身可林杯位于中景、偏离正中，清新纵深。酒体为微浑淡绿金色的金酒苹果酒青苹果酸酒，浇于碎冰上，微浊而果香浓，顶部插一片新鲜鼠尾草叶，杯身凝结冰霜冷珠。柔和明亮定向光配轻柔散景背景，清新暗调，浅景深奶油散景，85mm微距感，超精细，写实，8k。
1319,Kay Pacha Mi Pacha,凯帕查米帕查,Martini,皮斯科樱桃长焦,telephoto compression / off-center third,output/images/1319_kay_pacha_mi_pacha.jpg,success,"Cinematic telephoto still-life, a single martini glass on the right third line with deep compressed creamy bokeh of a muted interior behind, shallow focal plane. A pale straw pisco, gin and maraschino sour served up, crystal clear and translucent, no ice, a single dark Luxardo cherry resting at the bottom, delicate surface sheen, elegant thin stem. Soft cool directional light rims the bowl against gentle shadow, refined low-key palette, 135mm compression, creamy bokeh, hyper-detailed, photorealistic, 8k, single cocktail glass only, no other glasses, restrained harmonious low-saturation background, no text, no letters, no numbers, no logo, no watermark",电影感长焦静物：一只马天尼杯置于右侧三分线，背后是深邃压缩的低调室内奶油散景，焦平面浅。酒体为淡草黄色的皮斯科金酒黑樱桃利口酒酸酒，净饮上桌，晶莹通透，无冰，杯底沉一颗深色路萨朵樱桃，酒面泛细腻光泽，杯脚纤细。柔和冷调定向光勾勒杯身、映衬淡影，考究暗调，135mm压缩，奶油散景，超精细，写实，8k。
1333,Flight to Peru,飞往秘鲁,,西柚皮斯科俯拍,off-center flat lay / top-down,output/images/1333_flight_to_peru.jpg,success,"Overhead top-down flat-lay still-life, a single coupe glass placed off-center on a pale surface, clean surrounding space with a grapefruit peel nearby. A pale pinkish-grapefruit pisco sour with maraschino served up, gently translucent seen from above with a soft rosy tint, no ice, a dark Luxardo cherry and a curled grapefruit peel elaborately garnishing the top, delicate sheen. Soft diffused daylight casting a gentle shadow, fresh low-saturation palette, shallow depth of field, 100mm feel, hyper-detailed, photorealistic, 8k, single cocktail glass only, no other glasses, restrained harmonious low-saturation background, no text, no letters, no numbers, no logo, no watermark",90度俯拍平铺静物：一只碟形杯偏置于浅色台面上，周围留白，一旁一条西柚皮。酒体为淡粉西柚色的皮斯科黑樱桃利口酸酒，净饮上桌，俯视微微半透、泛柔玫瑰色调，无冰，顶部以一颗深色路萨朵樱桃与一条卷曲西柚皮精心装饰，泛细腻光泽。柔和漫射日光投出淡影，清新低饱和色调，浅景深，100mm感，超精细，写实，8k。
1331,10 to 7,十点七分,Martini,接骨木金酸剪影,distant backlit rim / subject to side,output/images/1331_10_to_7.jpg,success,"Quiet cinematic still-life, a single martini glass set small to one side, backlit by a soft warm glow rimming its silhouette, large atmospheric space dominating. A pale straw-gold gin, maraschino and elderflower sour served up, luminously translucent and glowing softly, no ice, a slender curled lemon peel resting on the rim, elegant thin stem. Warm side-back light with a distant tiny accent, serene low-key palette, shallow depth of field, creamy bokeh, 85mm feel, hyper-detailed, photorealistic, 8k, single cocktail glass only, no other glasses, restrained harmonious low-saturation background, no text, no letters, no numbers, no logo, no watermark",静谧电影感静物：一只马天尼杯较小地置于画面一侧，被柔和暖光逆光勾出轮廓，大片氛围空间主导画面。酒体为淡草黄金色的金酒黑樱桃利口酒接骨木花酸酒，净饮上桌，通透发光、柔和莹亮，无冰，杯沿搭一条纤细卷曲柠檬皮，杯脚纤细。暖调侧逆光配远处一点极小暖光，宁静暗调，浅景深奶油散景，85mm感，超精细，写实，8k。
1334,Primo Carnera,普里莫·卡尔内拉,Martini,深樱桃红苦艾左置,off-center-left / medium,output/images/1334_primo_carnera.jpg,success_softened,"Refined still-life of a single martini glass on a dark surface, subject on the left third with soft shadowed space to the right, medium shot. A deep cherry-red liqueur blend with an absinthe-sprayed glass served up, jewel-translucent and glowing crimson, no ice, a curled orange peel resting on the rim, a faint herbal aroma, elegant thin stem. Warm directional light rakes the bowl against a dim backdrop, sophisticated low-key palette, shallow depth of field, creamy bokeh, 85mm macro feel, hyper-detailed, photorealistic, 8k, single cocktail glass only, no other glasses, restrained harmonious low-saturation background, no text, no letters, no numbers, no logo, no watermark",考究静物：一只马天尼杯置于深色台面左侧三分处，右侧柔和阴影留白，中景。酒体为深樱桃红的樱桃利口酒混调、以苦艾酒喷雾涮杯，净饮上桌，宝石般半透、泛绯红光，无冰，杯沿搭一条卷曲橙皮，透出一丝草本香，杯脚纤细。暖调定向光扫过杯身、映衬昏暗背景，考究暗调，浅景深奶油散景，85mm微距感，超精细，写实，8k。
1338,Opaka Raka,奥帕卡·拉卡,Highball Glass,西柚提基右置,off-center-right / medium,output/images/1338_opaka_raka.jpg,success,"Tropical lifestyle still-life of a single highball glass on a pale surface, subject on the right third with airy negative space to the left, medium shot. A pale golden-pink gin tiki cooler with grapefruit and cinnamon over clear ice, gently cloudy and refreshing, a lime wheel on the rim, cool condensation beading down. Soft warm daylight from the left, fresh low-saturation palette, shallow depth of field, creamy bokeh, 85mm macro feel, hyper-detailed, photorealistic, 8k, single cocktail glass only, no other glasses, restrained harmonious low-saturation background, no text, no letters, no numbers, no logo, no watermark",热带生活方式静物：一只高球杯置于浅色台面右侧三分处，左侧轻盈留白，中景。酒体为淡金粉色的金酒提基清凉调（含西柚与肉桂），浇于通透冰上，微浑而清爽，杯沿一片青柠轮，杯身凝结冷珠下滑。左侧柔和暖调日光，清新低饱和色调，浅景深奶油散景，85mm微距感，超精细，写实，8k。
1337,Neko Colada,猫猫椰林飘香,Tiki Cat Glass,椰香提基仰视,low-angle hero / subject lower third,output/images/1337_neko_colada.jpg,success,"Low-angle hero still-life of a single sculpted ceramic tiki cat mug on dark wood, subject in the lower third with dramatic dark space and a soft light bloom above. A creamy pale tan rum, vermouth and coconut-cream colada over crushed ice, thickly opaque and tropical, a pink bendy straw and a small mandarin twist, cool frosty condensation. Warm side light rims the mug against deep shadow, playful cinematic low-key palette, shallow depth of field, creamy bokeh, 85mm feel, hyper-detailed, photorealistic, 8k, single cocktail glass only, no other glasses, restrained harmonious low-saturation background, no text, no letters, no numbers, no logo, no watermark",低角度英雄式静物：一只造型陶瓷提基猫杯置于深色木面上，主体位于下三分，上方留出戏剧暗部与柔和光晕。酒体为奶香浅褐色的朗姆味美思椰浆可乐达，浇于碎冰上，浓稠不透明、热带风，配一根粉色弯吸管与一小条柑橘皮，杯身凝结冰霜冷珠。暖侧光勾勒杯身、映衬深暗阴影，俏皮电影暗调，浅景深奶油散景，85mm感，超精细，写实，8k。
1339,Chingerito,钦格里托,,葡萄石榴俯45,high-angle 45 overhead / off-center,output/images/1339_chingerito.jpg,success,"Moody high-angle 45-degree still-life of a single highball glass on dark slate, subject offset to reveal the surface. A deep purple-red pisco, grape-juice and pomegranate cooler over clear ice, richly translucent with a jewel-toned glow seen from above, four fresh grapes on a pick resting across the rim, cool condensation. Dramatic warm directional light from upper left casting a crisp shadow, cinematic low-key palette, shallow depth of field, creamy bokeh, 100mm feel, hyper-detailed, photorealistic, 8k, single cocktail glass only, no other glasses, restrained harmonious low-saturation background, no text, no letters, no numbers, no logo, no watermark",暗调45度高角度俯拍静物：一只高球杯置于深色石板上，主体偏置露出台面。酒体为深紫红的皮斯科葡萄汁石榴清凉调，浇于通透冰上，俯视浓郁半透、泛宝石色光，杯沿横搭一支串着四颗新鲜葡萄的酒签，杯身凝结冷珠。左上方戏剧暖调定向光投出利落阴影，电影暗调，浅景深奶油散景，100mm感，超精细，写实，8k。
1360,Windtalker,风语者,Rocks Glass,杏仁波本冰球环境景,wide environmental / subject small,output/images/1360_windtalker.jpg,success,"Wide environmental still-life, a single rocks glass standing small within a softly lit setting, subject about a quarter of the frame with ambient space around. A creamy amber bourbon, amaretto and ginger sour over a single clear ice sphere with a silky egg-white foam cap, gently translucent below, an expressed orange peel and two Luxardo cherries on a pick, cool condensation. Warm ambient light with soft blurred bokeh behind kept low in saturation, refined low-key palette, shallow depth of field, 85mm feel, hyper-detailed, photorealistic, 8k, single cocktail glass only, no other glasses, restrained harmonious low-saturation background, no text, no letters, no numbers, no logo, no watermark",广角环境静物：一只古典杯较小地立于柔光场景中，主体约占画幅四分之一，四周环境留白。酒体为奶香琥珀色的波本杏仁酒姜味酸酒，浇于一颗通透冰球上、覆一层丝滑蛋白泡沫盖，泡沫下微微半透，配一条挤香橙皮与一支串两颗路萨朵樱桃的酒签，杯身凝结冷珠。暖调环境光配背后低饱和的柔和散景，考究暗调，浅景深，85mm感，超精细，写实，8k。
1368,Dutch Stories,荷兰故事,,杏子醋栗一角,minimalist negative space / corner,output/images/1368_dutch_stories.jpg,success,"Minimalist still-life, a single stemmed cocktail glass pushed to the upper-right corner with vast clean negative space and soft gradient shadow. A cloudy golden-apricot genever, apricot and gooseberry-jam sour served up, gently opaque and fruit-rich, no ice, a single physalis with its papery husk resting on the rim, delicate sheen, clean stem. Soft directional daylight grazing from the left, warm low-saturation palette, shallow depth of field, creamy bokeh, 100mm macro feel, hyper-detailed, photorealistic, 8k, single cocktail glass only, no other glasses, restrained harmonious low-saturation background, no text, no letters, no numbers, no logo, no watermark",极简静物：一只高脚鸡尾酒杯被推到画面右上角，其余是大片干净负空间与柔和渐变阴影。酒体为微浑金杏色的杜松子酒杏子醋栗酱酸酒，净饮上桌，微浊而果香浓，无冰，杯沿搭一颗带纸质外壳的姑娘果，泛细腻光泽，杯脚洁净。左侧柔和定向日光掠过，低饱和暖色调，浅景深奶油散景，100mm微距感，超精细，写实，8k。
1372,The Asterisk,星号,Cocktail Glass,查特绿金框景,foreground framing / through blur,output/images/1372_the_asterisk.jpg,success,"Layered still-life shot through a soft blurred foreground of herb leaves, a single stemmed cocktail glass in the mid-ground offset from center, moody depth. A pale chartreuse-gold brandy, green-Chartreuse and maraschino sour served up, gently cloudy and translucent with a herbal green-gold glow, no ice, no garnish, delicate surface sheen, clean stem. Soft directional light against a gentle bokeh backdrop, refined herbal low-key palette, shallow depth of field, creamy bokeh, 85mm macro feel, hyper-detailed, photorealistic, 8k, single cocktail glass only, no other glasses, restrained harmonious low-saturation background, no text, no letters, no numbers, no logo, no watermark",层次感静物，透过虚化的前景香草叶片拍摄：一只高脚鸡尾酒杯位于中景、偏离正中，暗调纵深。酒体为淡查特绿金的白兰地绿查特酒黑樱桃利口酸酒，净饮上桌，微浑半透、泛草本绿金光，无冰无装饰，酒面泛细腻光泽，杯脚洁净。柔和定向光配轻柔散景背景，考究草本暗调，浅景深奶油散景，85mm微距感，超精细，写实，8k。
1378,Boomin' Granny,活力奶奶,Champagne Flute,青苹果气泡长焦,telephoto compression / off-center third,output/images/1378_boomin_granny.jpg,success,"Cinematic telephoto still-life, a single champagne flute on the left third line with deep compressed creamy bokeh of a bright interior behind, shallow focal plane. A pale golden-green cognac and apple sour topped with sparkling wine, fine bubbles streaming up through the translucent body, a delicate green-apple fan on the rim, cool chill sheen. Soft bright directional light rims the flute, fresh low-key palette, 135mm compression, creamy bokeh, hyper-detailed, photorealistic, 8k, single cocktail glass only, no other glasses, restrained harmonious low-saturation background, no text, no letters, no numbers, no logo, no watermark",电影感长焦静物：一只香槟笛杯置于左侧三分线，背后是深邃压缩的明亮室内奶油散景，焦平面浅。酒体为淡金绿的干邑苹果酸酒、以起泡酒补顶，细密气泡穿过半透酒体上升，杯沿一把精致青苹果扇，泛微凉光泽。柔和明亮定向光勾勒笛杯，清新暗调，135mm压缩，奶油散景，超精细，写实，8k。
1376,Cherries St. James,圣詹姆斯樱桃,Cocktail Glass,樱桃粉金俯拍,off-center flat lay / top-down,output/images/1376_cherries_st_james.jpg,success,"Overhead top-down flat-lay still-life, a single cocktail glass placed off-center on a pale surface, clean surrounding space. A pale pink-red gin, elderflower and cherry-liqueur cocktail served up, gently translucent with a soft blush seen from above, no ice, a single dark Luxardo cherry resting at the center, delicate sheen. Soft diffused daylight casting a gentle shadow, fresh low-saturation palette, shallow depth of field, 100mm feel, hyper-detailed, photorealistic, 8k, single cocktail glass only, no other glasses, restrained harmonious low-saturation background, no text, no letters, no numbers, no logo, no watermark",90度俯拍平铺静物：一只鸡尾酒杯偏置于浅色台面上，周围留白。酒体为淡粉红的金酒接骨木花樱桃利口酒鸡尾酒，净饮上桌，俯视微微半透、泛柔红晕，无冰，正中沉一颗深色路萨朵樱桃，泛细腻光泽。柔和漫射日光投出淡影，清新低饱和色调，浅景深，100mm感，超精细，写实，8k。
1375,Blue 88,蓝色88,Cocktail Glass,紫罗兰淡紫剪影,distant backlit rim / subject to side,output/images/1375_blue_88.jpg,success,"Quiet cinematic still-life, a single stemmed cocktail glass set small to one side, backlit by a soft cool glow rimming its silhouette, large atmospheric space dominating. A pale violet-lavender gin, elderflower and creme-de-violette cocktail served up, luminously translucent with a delicate purple glow, no ice, a single dark Luxardo cherry resting at the bottom, elegant stem. Soft side-back light with a distant tiny accent, serene cool low-key palette, shallow depth of field, creamy bokeh, 85mm feel, hyper-detailed, photorealistic, 8k, single cocktail glass only, no other glasses, restrained harmonious low-saturation background, no text, no letters, no numbers, no logo, no watermark",静谧电影感静物：一只高脚鸡尾酒杯较小地置于画面一侧，被柔和冷光逆光勾出轮廓，大片氛围空间主导画面。酒体为淡紫罗兰的金酒接骨木花紫罗兰利口酒鸡尾酒，净饮上桌，通透发光、泛精致紫光，无冰，杯底沉一颗深色路萨朵樱桃，杯脚优雅。柔和侧逆光配远处一点极小暖光，宁静冷调暗，浅景深奶油散景，85mm感，超精细，写实，8k。
1382,Yawkey Way,约基路,,草莓红茶左置,off-center-left / medium,output/images/1382_yawkey_way.jpg,success,"Moody lifestyle still-life of a single tall Collins glass on a dark surface, subject on the left third with soft shadowed space to the right, medium shot. A reddish-amber gin, rum and strawberry drink with black-tea syrup over clear ice, gently translucent with a warm berry-tea hue, no visible garnish, cool condensation beading down. Warm directional light rakes the glass against a dim backdrop, refined low-key palette, shallow depth of field, creamy bokeh, 85mm macro feel, hyper-detailed, photorealistic, 8k, single cocktail glass only, no other glasses, restrained harmonious low-saturation background, no text, no letters, no numbers, no logo, no watermark",暗调生活方式静物：一只高身可林杯置于深色台面左侧三分处，右侧柔和阴影留白，中景。酒体为红琥珀色的金酒朗姆草莓红茶糖浆调，浇于通透冰上，微微半透、泛暖莓茶色，无明显装饰，杯身凝结冷珠下滑。暖调定向光扫过酒杯、映衬昏暗背景，考究暗调，浅景深奶油散景，85mm微距感，超精细，写实，8k。
1389,French 33,法国33,Champagne Flute,粉红起泡右置,off-center-right / medium,output/images/1389_french_33.jpg,success,"Elegant still-life of a single champagne flute on a pale surface, subject on the right third with airy negative space to the left, medium shot. A pale pink gin sour topped with sparkling rose, fine bubbles rising steadily through the translucent blush body, a slender grapefruit twist on the rim, delicate chill sheen. Soft bright daylight from the left, fresh pastel low-saturation palette, shallow depth of field, creamy bokeh, 100mm macro feel, hyper-detailed, photorealistic, 8k, single cocktail glass only, no other glasses, restrained harmonious low-saturation background, no text, no letters, no numbers, no logo, no watermark",优雅静物：一只香槟笛杯置于浅色台面右侧三分处，左侧轻盈留白，中景。酒体为淡粉色的金酒酸酒、以起泡桃红补顶，细密气泡在半透粉红酒体中稳稳上升，杯沿一条纤细西柚皮，泛微凉光泽。左侧柔和明亮日光，清新粉彩低饱和色调，浅景深奶油散景，100mm微距感，超精细，写实，8k。
1391,The Seniorita,小淑女,Rocks Glass,椰奶橙浮层仰视,low-angle hero / subject lower third,output/images/1391_the_seniorita.jpg,success,"Low-angle hero still-life of a single rocks glass on dark stone, subject in the lower third with dramatic dark space and a soft light bloom above. A creamy pale orange-white curacao and coconut-milk drink over crushed ice with a darker rum float layered on top, gently opaque and tropical, a mint sprig and two Luxardo cherries on top, cool frosty condensation. Warm side light rims the glass against deep shadow, cinematic low-key palette, shallow depth of field, creamy bokeh, 85mm feel, hyper-detailed, photorealistic, 8k, single cocktail glass only, no other glasses, restrained harmonious low-saturation background, no text, no letters, no numbers, no logo, no watermark",低角度英雄式静物：一只古典杯置于深色石面上，主体位于下三分，上方留出戏剧暗部与柔和光晕。酒体为奶香淡橙白的库拉索椰奶调，浇于碎冰上、顶部覆一层较深的朗姆浮层，微浊而热带，顶部一枝薄荷与两颗路萨朵樱桃，杯身凝结冰霜冷珠。暖侧光勾勒杯身、映衬深暗阴影，电影暗调，浅景深奶油散景，85mm感，超精细，写实，8k。
1395,Mauritius Sour,毛里求斯酸酒,Coupe,朗姆波本酸俯45,high-angle 45 overhead / off-center,output/images/1395_mauritius_sour.jpg,success,"Moody high-angle 45-degree still-life of a single coupe glass on dark slate, subject offset to reveal the surface. An amber-brown rum and bourbon sour with angostura served up, richly translucent with a thin silky foam line seen from above, no ice, a single dark Luxardo cherry resting at the center, subtle sheen. Dramatic warm directional light from upper left casting a crisp shadow, sophisticated low-key palette, shallow depth of field, creamy bokeh, 100mm feel, hyper-detailed, photorealistic, 8k, single cocktail glass only, no other glasses, restrained harmonious low-saturation background, no text, no letters, no numbers, no logo, no watermark",暗调45度高角度俯拍静物：一只碟形杯置于深色石板上，主体偏置露出台面。酒体为琥珀棕的朗姆波本安高天娜酸酒，净饮上桌，俯视浓郁半透、覆一线丝滑薄泡沫，无冰，正中沉一颗深色路萨朵樱桃，泛细腻光泽。左上方戏剧暖调定向光投出利落阴影，考究暗调，浅景深奶油散景，100mm感，超精细，写实，8k。
1398,Hippi Hill,嬉皮山,Coupe,蔓越莓粉环境景,wide environmental / subject small,output/images/1398_hippi_hill.jpg,success,"Wide environmental still-life, a single coupe glass standing small within a softly lit fresh setting, subject about a quarter of the frame with ambient space around. A pale pink-red vodka, ginger and cranberry sour served up, brightly translucent with a rosy glow, no ice, a lime wheel on the rim, delicate sheen, elegant stem. Soft bright ambient light with a gentle bokeh backdrop kept low in saturation, fresh low-key palette, shallow depth of field, 85mm feel, hyper-detailed, photorealistic, 8k, single cocktail glass only, no other glasses, restrained harmonious low-saturation background, no text, no letters, no numbers, no logo, no watermark",广角环境静物：一只碟形杯较小地立于柔光清新场景中，主体约占画幅四分之一，四周环境留白。酒体为淡粉红的伏特加姜味蔓越莓酸酒，净饮上桌，明亮半透、泛玫瑰光，无冰，杯沿一片青柠轮，泛细腻光泽，杯脚优雅。柔和明亮环境光配低饱和的轻柔散景背景，清新暗调，浅景深，85mm感，超精细，写实，8k。
1394,Flip the Bird,比中指,Port Glass,焦糖蛋黄一角,minimalist negative space / corner,output/images/1394_flip_the_bird.jpg,success,"Minimalist still-life, a single small stemmed port glass pushed to the lower-left corner with vast clean negative space and soft shadow. A creamy caramel-tan rum, cream and vermouth flip, thickly emulsified and opaque with a silky frothy top, no ice, freshly grated cinnamon dusted across the foam, soft velvety texture, delicate stem. Soft directional daylight grazing from the right, warm indulgent low-saturation palette, shallow depth of field, creamy bokeh, 100mm macro feel, hyper-detailed, photorealistic, 8k, single cocktail glass only, no other glasses, restrained harmonious low-saturation background, no text, no letters, no numbers, no logo, no watermark",极简静物：一只小巧高脚波特酒杯被推到画面左下角，其余是大片干净负空间与柔和阴影。酒体为奶香焦糖褐的朗姆奶油味美思蛋调，浓稠乳化不透明、覆一层丝滑绵密泡沫，无冰，泡沫上撒现磨肉桂粉，质地柔滑天鹅绒感，杯脚纤细。右侧柔和定向日光掠过，纵情暖色调，浅景深奶油散景，100mm微距感，超精细，写实，8k。
1402,King's Medicine,国王灵药,Coupe,姜菲奈特框景,foreground framing / through blur,output/images/1402_king_s_medicine.jpg,success,"Layered still-life shot through a soft blurred foreground of ginger and lemon, a single coupe glass in the mid-ground offset from center, moody depth. A pale golden-amber ginger-liqueur, fernet and single-malt sour served up, gently cloudy and translucent with a faint smoky edge, no ice, a curled lemon twist on the rim, delicate sheen, elegant stem. Warm directional light against a gentle bokeh backdrop, refined low-key palette, shallow depth of field, creamy bokeh, 85mm macro feel, hyper-detailed, photorealistic, 8k, single cocktail glass only, no other glasses, restrained harmonious low-saturation background, no text, no letters, no numbers, no logo, no watermark",层次感静物，透过虚化的前景姜与柠檬拍摄：一只碟形杯位于中景、偏离正中，暗调纵深。酒体为淡金琥珀色的姜味利口酒菲奈特单一麦芽酸酒，净饮上桌，微浑半透、带一丝烟熏边，无冰，杯沿一条卷曲柠檬皮，泛细腻光泽，杯脚优雅。暖调定向光配轻柔散景背景，考究暗调，浅景深奶油散景，85mm微距感，超精细，写实，8k。
1404,Fortune & Glory,财富与荣耀,Coupe,龙舌兰杏仁长焦,telephoto compression / off-center third,output/images/1404_fortune_glory.jpg,success,"Cinematic telephoto still-life, a single coupe glass on the right third line with deep compressed creamy bokeh of a dim bar behind, shallow focal plane. A cloudy pale tan-gold tequila, orgeat and falernum sour with mole bitters served up, gently opaque and nutty, no ice, a lime wheel on the rim, delicate surface sheen, elegant stem. Warm directional light rims the bowl against cool shadow, refined low-key palette, 135mm compression, creamy bokeh, hyper-detailed, photorealistic, 8k, single cocktail glass only, no other glasses, restrained harmonious low-saturation background, no text, no letters, no numbers, no logo, no watermark",电影感长焦静物：一只碟形杯置于右侧三分线，背后是深邃压缩的昏暗酒吧奶油散景，焦平面浅。酒体为微浑淡褐金的龙舌兰杏仁糖浆法勒诺姆酸酒（含莫莱苦精），净饮上桌，微浊而带坚果感，无冰，杯沿一片青柠轮，酒面泛细腻光泽，杯脚优雅。暖调定向光勾勒杯身、映衬冷调阴影，考究暗调，135mm压缩，奶油散景，超精细，写实，8k。
1409,Drink Lab #16,饮品实验室 #16,,樱桃杏仁俯拍,off-center flat lay / top-down,output/images/1409_drink_lab_16.jpg,success,"Overhead top-down flat-lay still-life, a single coupe glass placed off-center on a dark surface, clean surrounding space with a lemon peel nearby. A cloudy rosy-amber brandy, orgeat and cherry-liqueur sour served up, gently opaque with a warm nutty-cherry hue seen from above, no ice, a curled lemon twist resting on top, delicate sheen. Dramatic hard side light casting a crisp shadow, moody low-key palette, shallow depth of field, 100mm feel, hyper-detailed, photorealistic, 8k, single cocktail glass only, no other glasses, restrained harmonious low-saturation background, no text, no letters, no numbers, no logo, no watermark",90度俯拍平铺静物：一只碟形杯偏置于深色台面上，周围留白，一旁一条柠檬皮。酒体为微浑玫瑰琥珀色的白兰地杏仁糖浆樱桃利口酸酒，净饮上桌，俯视微浊、泛暖坚果樱桃色，无冰，酒面停一条卷曲柠檬皮，泛细腻光泽。单侧戏剧硬光投出利落阴影，暗调，浅景深，100mm感，超精细，写实，8k。
1410,Grey Anchor,灰锚,,接骨木青柠剪影,distant backlit rim / subject to side,output/images/1410_grey_anchor.jpg,success,"Quiet cinematic still-life, a single stemmed cocktail glass set small to one side, backlit by a soft cool glow rimming its silhouette, large atmospheric space dominating. A pale clear-gold vodka, lime and elderflower cocktail served up, crystalline and luminously translucent, no ice, a slender lime-peel twist resting on the rim, elegant clean stem. Soft cool side-back light with a distant tiny accent, serene low-key palette, shallow depth of field, creamy bokeh, 85mm feel, hyper-detailed, photorealistic, 8k, single cocktail glass only, no other glasses, restrained harmonious low-saturation background, no text, no letters, no numbers, no logo, no watermark",静谧电影感静物：一只高脚鸡尾酒杯较小地置于画面一侧，被柔和冷光逆光勾出轮廓，大片氛围空间主导画面。酒体为淡而清透的金调伏特加青柠接骨木花鸡尾酒，晶莹通透发光，无冰，杯沿搭一条纤细青柠皮，杯脚洁净优雅。柔和冷调侧逆光配远处一点极小暖光，宁静暗调，浅景深奶油散景，85mm感，超精细，写实，8k。
1412,The Red Anchor,红锚,Rocks Glass,西柚金无冰左置,off-center-left / medium,output/images/1412_the_red_anchor.jpg,success,"Refined still-life of a single small rocks glass on a pale surface, subject on the left third with airy negative space to the right, medium shot. A pale golden-amber gin, grapefruit and kina sour served neat with no ice, brightly translucent with a warm citrus glow, a fresh grapefruit slice resting against the rim, delicate surface sheen. Soft daylight from the right, fresh low-saturation palette, shallow depth of field, creamy bokeh, 100mm macro feel, hyper-detailed, photorealistic, 8k, single cocktail glass only, no other glasses, restrained harmonious low-saturation background, no text, no letters, no numbers, no logo, no watermark",考究静物：一只小古典杯置于浅色台面左侧三分处，右侧轻盈留白，中景。酒体为淡金琥珀色的金酒西柚金鸡纳酸酒，无冰净饮，明亮半透、泛暖柑橘光，杯沿倚一片新鲜西柚，酒面泛细腻光泽。右侧柔和日光，清新低饱和色调，浅景深奶油散景，100mm微距感，超精细，写实，8k。
1419,A Bloody Shame,血色遗憾,Coupe,血橙红右置,off-center-right / medium,output/images/1419_a_bloody_shame.jpg,success,"Refined still-life of a single large coupe glass on a dark surface, subject on the right third with soft shadowed space to the left, medium shot. A deep blood-orange red vodka, amaretto and blood-orange-vanilla-mint sour served up, richly translucent with a vivid warm glow, no ice, a dehydrated lime wheel soaked in bitters resting on the rim, delicate sheen, elegant stem. Warm directional light rakes the bowl against a dim backdrop, sophisticated low-key palette, shallow depth of field, creamy bokeh, 85mm macro feel, hyper-detailed, photorealistic, 8k, single cocktail glass only, no other glasses, restrained harmonious low-saturation background, no text, no letters, no numbers, no logo, no watermark",考究静物：一只大碟形杯置于深色台面右侧三分处，左侧柔和阴影留白，中景。酒体为深血橙红的伏特加杏仁酒血橙香草薄荷酸酒，净饮上桌，浓郁半透、泛鲜明暖光，无冰，杯沿搭一片浸过苦精的脱水青柠轮，泛细腻光泽，杯脚优雅。暖调定向光扫过杯身、映衬昏暗背景，考究暗调，浅景深奶油散景，85mm微距感，超精细，写实，8k。
1425,Thyme for Bed,就寝时光,Coupe,百里香樱桃仰视,low-angle hero / subject lower third,output/images/1425_thyme_for_bed.jpg,success,"Low-angle hero still-life of a single coupe glass on dark stone, subject in the lower third with dramatic dark space and a soft light bloom above. A pale reddish-amber blanco tequila and cherry-liqueur sour with thyme served up, jewel-translucent and glowing softly, no ice, a fresh thyme sprig resting across the rim, delicate surface sheen, elegant stem. Warm side light rims the bowl against deep shadow, cinematic low-key palette, shallow depth of field, creamy bokeh, 85mm feel, hyper-detailed, photorealistic, 8k, single cocktail glass only, no other glasses, restrained harmonious low-saturation background, no text, no letters, no numbers, no logo, no watermark",低角度英雄式静物：一只碟形杯置于深色石面上，主体位于下三分，上方留出戏剧暗部与柔和光晕。酒体为淡红琥珀色的白龙舌兰樱桃利口酒百里香酸酒，净饮上桌，宝石般半透、柔和发光，无冰，杯沿横搭一枝新鲜百里香，酒面泛细腻光泽，杯脚优雅。暖侧光勾勒杯身、映衬深暗阴影，电影暗调，浅景深奶油散景，85mm感，超精细，写实，8k。
1424,Nectar of the Amazon,亚马逊花蜜,Highball Glass,百香椰丝俯45,high-angle 45 overhead / off-center,output/images/1424_nectar_of_the_amazon.jpg,success,"High-angle 45-degree still-life of a single highball glass on a pale surface, subject offset to reveal the tabletop. A creamy pale yellow-orange cachaca, passion-fruit and condensed-milk drink over fresh clear ice, gently opaque and tropical seen from above, a shaved-coconut rim and a single macadamia nut on top, cool condensation. Soft warm light from upper left casting a gentle shadow, cozy tropical low-key palette, shallow depth of field, creamy bokeh, 100mm feel, hyper-detailed, photorealistic, 8k, single cocktail glass only, no other glasses, restrained harmonious low-saturation background, no text, no letters, no numbers, no logo, no watermark",45度高角度俯拍静物：一只高球杯置于浅色台面，主体偏置露出台面。酒体为奶香淡黄橙的卡莎萨百香果炼乳调，浇于新鲜通透冰上，俯视微浊而热带，椰丝杯边、顶部一颗澳洲坚果，杯身凝结冷珠。左上方柔和暖光投出淡影，温馨热带暗调，浅景深奶油散景，100mm感，超精细，写实，8k。
1422,You Go Glen Coco,加油格伦可可,Old Fashioned Glass,姜黄椰奶环境景,wide environmental / subject small,output/images/1422_you_go_glen_coco.jpg,success,"Wide environmental still-life, a single Old Fashioned glass standing small within a softly lit warm setting, subject about a quarter of the frame with ambient space around. A creamy golden-yellow coconut-infused rye and turmeric-coconut-cream drink over shaved ice, thickly opaque and silky, turmeric-toasted coconut flakes sprinkled on top, cool frosty condensation. Warm ambient light with soft blurred bokeh behind kept low in saturation, cozy low-key palette, shallow depth of field, 85mm feel, hyper-detailed, photorealistic, 8k, single cocktail glass only, no other glasses, restrained harmonious low-saturation background, no text, no letters, no numbers, no logo, no watermark",广角环境静物：一只古典杯较小地立于暖光柔和场景中，主体约占画幅四分之一，四周环境留白。酒体为奶香金黄色的椰子浸渍黑麦姜黄椰奶调，浇于刨冰上，浓稠不透明而丝滑，顶部撒姜黄烤椰片，杯身凝结冰霜冷珠。暖调环境光配背后低饱和的柔和散景，温馨暗调，浅景深，85mm感，超精细，写实，8k。
1429,Tea & Sympathy,茶与慰藉,Mug,热印度奶茶一角,minimalist negative space / corner,output/images/1429_tea_sympathy.jpg,success,"Minimalist cozy still-life, a single ceramic mug pushed to the lower-left corner with vast clean negative space and soft shadow. A warm amber tea-brown cachaca, ginger and chai hot toddy, deeply translucent and steaming gently with delicate wisps of vapor rising from the hot drink, a lemon wheel studded with cloves resting on the rim, glossy warm surface. Soft directional light grazing from the right catching the steam, warm comforting low-saturation palette, shallow depth of field, creamy bokeh, 100mm macro feel, hyper-detailed, photorealistic, 8k, single cocktail glass only, no other glasses, restrained harmonious low-saturation background, no text, no letters, no numbers, no logo, no watermark",极简温馨静物：一只陶瓷马克杯被推到画面左下角，其余是大片干净负空间与柔和阴影。酒体为暖琥珀茶褐色的卡莎萨姜味印度奶茶热托蒂，深邃半透、热饮升起缕缕轻柔蒸汽，杯沿卡一片插满丁香的柠檬轮，酒面暖亮。右侧柔和定向日光掠过并映出蒸汽，暖调抚慰的低饱和色调，浅景深奶油散景，100mm微距感，超精细，写实，8k。
1432,Mauritian Buck,毛里求斯巴克,Rocks Glass,苹果姜啤框景,foreground framing / through blur,output/images/1432_mauritian_buck.jpg,success,"Layered still-life shot through a soft blurred foreground of lemon slices, a single rocks glass in the mid-ground offset from center, crisp depth. A pale golden rum and apple-juice buck over cubed clear ice topped with ginger ale, lightly effervescent with fine bubbles rising, gently translucent, a fresh lemon wheel tucked against the ice, a faint absinthe aroma, cool condensation. Soft cool directional light against a gentle bokeh backdrop, fresh clean low-key palette, shallow depth of field, creamy bokeh, 85mm macro feel, hyper-detailed, photorealistic, 8k, single cocktail glass only, no other glasses, restrained harmonious low-saturation background, no text, no letters, no numbers, no logo, no watermark",层次感静物，透过虚化的前景柠檬片拍摄：一只古典杯位于中景、偏离正中，清爽纵深。酒体为淡金色的朗姆苹果汁巴克，浇于方冰上、以姜汁汽水补顶，轻带气泡、细泡上升，微微半透，一片新鲜柠檬轮靠在冰旁，透出一丝苦艾香，杯身凝结冷珠。柔和冷调定向光配轻柔散景背景，清新干净暗调，浅景深奶油散景，85mm微距感，超精细，写实，8k。
1431,The Callas Cocktail,卡拉斯鸡尾酒,Champagne Flute,石榴宝红气泡长焦,telephoto compression / off-center third,output/images/1431_the_callas_cocktail.jpg,success,"Cinematic telephoto still-life, a single champagne flute on the left third line with deep compressed creamy bokeh of a dim elegant interior behind, shallow focal plane. A deep ruby-pink bitter-bianco, gin and pomegranate cocktail topped with sparkling Brachetto, fine bubbles rising through the jewel-translucent body, no garnish, delicate chill sheen. Warm directional light rims the flute against cool shadow, refined moody low-key palette, 135mm compression, creamy bokeh, hyper-detailed, photorealistic, 8k, single cocktail glass only, no other glasses, restrained harmonious low-saturation background, no text, no letters, no numbers, no logo, no watermark",电影感长焦静物：一只香槟笛杯置于左侧三分线，背后是深邃压缩的昏暗典雅室内奶油散景，焦平面浅。酒体为深宝石粉红的白色苦酒金酒石榴调、以起泡布拉凯多补顶，细密气泡穿过宝石般半透酒体上升，无装饰，泛微凉光泽。暖调定向光勾勒笛杯、映衬冷调阴影，考究暗调，135mm压缩，奶油散景，超精细，写实，8k。
1441,Clear Intentions,清晰意图,Collins,苦味奶油苏打俯拍,off-center flat lay / top-down,output/images/1441_clear_intentions.jpg,success,"Overhead top-down flat-lay still-life, a single tall Collins glass placed off-center on a pale surface, clean surrounding space. A pale creamy-amber bitter-bianco and aquavit drink over one large clear ice cube with almond cream soda, gently cloudy and softly effervescent seen from above, a spiced olive and a cherry on a pick resting across the rim, cool condensation ring. Soft diffused daylight casting a gentle shadow, refined low-saturation palette, shallow depth of field, 100mm feel, hyper-detailed, photorealistic, 8k, single cocktail glass only, no other glasses, restrained harmonious low-saturation background, no text, no letters, no numbers, no logo, no watermark",90度俯拍平铺静物：一只高身可林杯偏置于浅色台面上，周围留白。酒体为淡奶琥珀色的白色苦酒阿夸维特调，浇于一块通透大冰上、含杏仁奶油苏打，俯视微浑而轻带气泡，杯沿横搭一支串着香料橄榄与樱桃的酒签，台面留一圈冷凝水痕。柔和漫射日光投出淡影，考究低饱和色调，浅景深，100mm感，超精细，写实，8k。
1440,Temple of the Moon,月之圣殿,Old Fashioned Glass,深棕阿马罗剪影,distant backlit rim / subject to side,output/images/1440_temple_of_the_moon.jpg,success,"Quiet cinematic still-life, a single Old Fashioned glass set small to one side, backlit by a soft warm glow rimming its silhouette, large atmospheric space dominating. A deep brown-amber gin, pisco and amaro drink over a single clear ice sphere with an absinthe-rinsed glass, richly translucent with a dark herbal depth, a fresh mint sprig tucked in, subtle chill sheen. Warm side-back light with a distant tiny accent, brooding herbal low-key palette, shallow depth of field, creamy bokeh, 85mm feel, hyper-detailed, photorealistic, 8k, single cocktail glass only, no other glasses, restrained harmonious low-saturation background, no text, no letters, no numbers, no logo, no watermark",静谧电影感静物：一只古典杯较小地置于画面一侧，被柔和暖光逆光勾出轮廓，大片氛围空间主导画面。酒体为深棕琥珀色的金酒皮斯科阿马罗调，浇于一颗通透冰球上、以苦艾酒涮杯，浓郁半透、带深邃草本纵深，杯中插一枝新鲜薄荷，泛冷凝光泽。暖调侧逆光配远处一点极小暖光，深沉草本暗调，浅景深奶油散景，85mm感，超精细，写实，8k。
1447,Sade's Taboo,萨德的禁忌,Coupe,干邑红琥珀左置,off-center-left / medium,output/images/1447_sade_s_taboo.jpg,success,"Refined still-life of a single coupe glass on a dark surface, subject on the left third with soft shadowed space to the right, medium shot. A reddish-amber cognac, Cocchi Americano and rouge vermouth stir served up, richly translucent and glowing with a warm garnet depth, no ice, no garnish, elegant clean stem. Warm directional light rakes the bowl against a dim backdrop, sophisticated low-key palette, shallow depth of field, creamy bokeh, 85mm macro feel, hyper-detailed, photorealistic, 8k, single cocktail glass only, no other glasses, restrained harmonious low-saturation background, no text, no letters, no numbers, no logo, no watermark",考究静物：一只碟形杯置于深色台面左侧三分处，右侧柔和阴影留白，中景。酒体为红琥珀色的干邑科奇阿美利加诺红味美思搅拌调，净饮上桌，浓郁半透、泛暖石榴红纵深，无冰无装饰，杯脚洁净优雅。暖调定向光扫过杯身、映衬昏暗背景，考究暗调，浅景深奶油散景，85mm微距感，超精细，写实，8k。
1449,Piedra de sol,太阳石,,梅斯卡尔烟熏右置,off-center-right / medium,output/images/1449_piedra_de_sol.jpg,success,"Moody still-life of a single stemmed cocktail glass on dark slate, subject on the right third with soft shadowed space to the left, medium shot. An amber-brown mezcal and amaro stir served up, richly translucent with a smoky depth and a faint drifting whisper of smoke over the surface, no ice, a curled lemon peel resting on the rim, elegant clean stem. Warm directional light rakes the bowl against a dim backdrop, brooding smoky low-key palette, shallow depth of field, creamy bokeh, 85mm macro feel, hyper-detailed, photorealistic, 8k, single cocktail glass only, no other glasses, restrained harmonious low-saturation background, no text, no letters, no numbers, no logo, no watermark",暗调静物：一只高脚鸡尾酒杯置于深色石板右侧三分处，左侧柔和阴影留白，中景。酒体为琥珀棕的梅斯卡尔阿马罗搅拌调，浓郁半透、带烟熏纵深，酒面飘一缕若有若无的轻烟，无冰，杯沿搭一条卷曲柠檬皮，杯脚洁净。暖调定向光扫过杯身、映衬昏暗背景，深沉烟熏暗调，浅景深奶油散景，85mm微距感，超精细，写实，8k。
1457,Divine Aspect,神圣之相,Coupe,苹果波本仰视,low-angle hero / subject lower third,output/images/1457_divine_aspect.jpg,success,"Low-angle hero still-life of a single coupe glass on dark stone, subject in the lower third with dramatic dark space and a soft light bloom above. A golden-amber gin, apple-infused bourbon and apricot stir served up, brilliantly translucent and glowing warmly, no ice, a curled lemon peel resting on the rim, a fine delicate sheen, elegant stem. Warm side light rims the bowl against deep shadow, cinematic low-key palette, shallow depth of field, creamy bokeh, 85mm feel, hyper-detailed, photorealistic, 8k, single cocktail glass only, no other glasses, restrained harmonious low-saturation background, no text, no letters, no numbers, no logo, no watermark",低角度英雄式静物：一只碟形杯置于深色石面上，主体位于下三分，上方留出戏剧暗部与柔和光晕。酒体为金琥珀色的金酒苹果波本杏子搅拌调，净饮上桌，晶莹半透、暖调发光，无冰，杯沿搭一条卷曲柠檬皮，泛细腻光泽，杯脚优雅。暖侧光勾勒杯身、映衬深暗阴影，电影暗调，浅景深奶油散景，85mm感，超精细，写实，8k。
1456,Coos Bay,库斯湾,Old Fashioned Glass,海藻威士忌俯45,high-angle 45 overhead / off-center,output/images/1456_coos_bay.jpg,success,"Moody high-angle 45-degree still-life of a single Old Fashioned glass on dark slate, subject offset to reveal the surface. A pale amber-gold whisky, kirsch and riesling-syrup drink over one large clear ice cube, richly translucent and savory seen from above, a thin ribbon of dried seaweed draped over the rim, subtle chill sheen. Dramatic cool directional light from upper left casting a crisp shadow, refined coastal low-key palette, shallow depth of field, creamy bokeh, 100mm feel, hyper-detailed, photorealistic, 8k, single cocktail glass only, no other glasses, restrained harmonious low-saturation background, no text, no letters, no numbers, no logo, no watermark",暗调45度高角度俯拍静物：一只古典杯置于深色石板上，主体偏置露出台面。酒体为淡琥珀金的威士忌樱桃白兰地雷司令糖浆调，浇于一块通透大冰上，俯视浓郁半透、带咸鲜感，杯沿垂一条干海藻，泛冷凝光泽。左上方戏剧冷调定向光投出利落阴影，考究海岸暗调，浅景深奶油散景，100mm感，超精细，写实，8k。
1458,Above My Pay Grade,超出薪资等级,Coupe,白威士忌桃红环境景,wide environmental / subject small,output/images/1458_above_my_pay_grade.jpg,success,"Wide environmental still-life, a single coupe glass standing small within a softly lit setting, subject about a quarter of the frame with ambient space around. A pale rosy-amber white-whiskey, pineau-rose and gran-classico stir served up, brightly translucent with a warm blush, no ice, an expressed orange twist resting on the rim, elegant stem. Warm ambient light with soft blurred bokeh behind kept low in saturation, refined low-key palette, shallow depth of field, 85mm feel, hyper-detailed, photorealistic, 8k, single cocktail glass only, no other glasses, restrained harmonious low-saturation background, no text, no letters, no numbers, no logo, no watermark",广角环境静物：一只碟形杯较小地立于柔光场景中，主体约占画幅四分之一，四周环境留白。酒体为淡玫瑰琥珀色的白威士忌桃红皮诺格兰经典苦精搅拌调，净饮上桌，明亮半透、泛暖红晕，无冰，杯沿搭一条挤香橙皮，杯脚优雅。暖调环境光配背后低饱和的柔和散景，考究暗调，浅景深，85mm感，超精细，写实，8k。
1460,Sloe & Steady,黑刺李与稳健,Nick & Nora,卡尔瓦多斯深红一角,minimalist negative space / corner,output/images/1460_sloe_steady.jpg,success,"Minimalist still-life, a single Nick & Nora glass pushed to the upper-right corner with vast clean negative space and soft gradient shadow. A deep reddish-brown calvados, sloe-gin and Bonal stir served up, richly translucent with a dark autumnal glow, no ice, an expressed orange peel resting on the rim, elegant slender stem. Soft directional daylight grazing from the left, refined moody low-saturation palette, shallow depth of field, creamy bokeh, 100mm macro feel, hyper-detailed, photorealistic, 8k, single cocktail glass only, no other glasses, restrained harmonious low-saturation background, no text, no letters, no numbers, no logo, no watermark",极简静物：一只尼克诺拉杯被推到画面右上角，其余是大片干净负空间与柔和渐变阴影。酒体为深红褐色的卡尔瓦多斯黑刺李金酒博纳尔搅拌调，浓郁半透、泛深秋暖光，无冰，杯沿搭一条挤香橙皮，杯脚纤细优雅。左侧柔和定向日光掠过，考究暗调低饱和色调，浅景深奶油散景，100mm微距感，超精细，写实，8k。
1454,In HINEsight,后见之明,Old Fashioned Glass,干邑苦酒框景,foreground framing / through blur,output/images/1454_in_hinesight.jpg,success,"Layered still-life shot through a soft blurred foreground of orange peel, a single Old Fashioned glass in the mid-ground offset from center, warm depth. A deep red-amber cognac, Luxardo Bitter and muscat-wine stir over one large clear ice cube, richly translucent and glowing garnet, an expressed orange peel resting inside, subtle chill sheen. Warm directional light against a dim bokeh backdrop, sophisticated low-key palette, shallow depth of field, creamy bokeh, 85mm macro feel, hyper-detailed, photorealistic, 8k, single cocktail glass only, no other glasses, restrained harmonious low-saturation background, no text, no letters, no numbers, no logo, no watermark",层次感静物，透过虚化的前景橙皮拍摄：一只古典杯位于中景、偏离正中，暖调纵深。酒体为深红琥珀色的干邑路萨朵苦酒麝香葡萄酒搅拌调，浇于一块通透大冰上，浓郁半透、泛石榴红光，杯中放一条挤香橙皮，泛冷凝光泽。暖调定向光配昏暗散景背景，考究暗调，浅景深奶油散景，85mm微距感，超精细，写实，8k。
1466,Abrazo Latino,拉丁拥抱,Coupe,龙舌兰迷迭香长焦,telephoto compression / off-center third,output/images/1466_abrazo_latino.jpg,success,"Cinematic telephoto still-life, a single coupe glass on the right third line with deep compressed creamy bokeh of a dim bar behind, shallow focal plane. An amber-brown tequila, amaro and triple-sec stir served up, richly translucent with a warm caramel depth, no ice, a torched rosemary sprig resting across the rim with a faint aromatic wisp, subtle sheen, elegant stem. Warm directional light rims the bowl against cool shadow, refined low-key palette, 135mm compression, creamy bokeh, hyper-detailed, photorealistic, 8k, single cocktail glass only, no other glasses, restrained harmonious low-saturation background, no text, no letters, no numbers, no logo, no watermark",电影感长焦静物：一只碟形杯置于右侧三分线，背后是深邃压缩的昏暗酒吧奶油散景，焦平面浅。酒体为琥珀棕的龙舌兰阿马罗橙酒搅拌调，净饮上桌，浓郁半透、带暖焦糖纵深，无冰，杯沿横搭一枝炙烤过的迷迭香、飘一缕轻香，泛细腻光泽，杯脚优雅。暖调定向光勾勒杯身、映衬冷调阴影，考究暗调，135mm压缩，奶油散景，超精细，写实，8k。
1468,The Awen,阿文,Rocks Glass,爱尔兰威士忌无花果俯拍,off-center flat lay / top-down,output/images/1468_the_awen.jpg,success,"Overhead top-down flat-lay still-life, a single rocks glass placed off-center on a dark wood surface, clean surrounding space. A pale golden-amber Irish whiskey, maraschino and Cocchi Americano stir over a single large clear ice sphere, brilliantly translucent seen from above, a star anise and a thin fig slice garnishing the top, subtle chill sheen. Dramatic hard side light casting a crisp shadow across the grain, moody low-key palette, shallow depth of field, 100mm feel, hyper-detailed, photorealistic, 8k, single cocktail glass only, no other glasses, restrained harmonious low-saturation background, no text, no letters, no numbers, no logo, no watermark",90度俯拍平铺静物：一只古典杯偏置于深色木面上，周围留白。酒体为淡金琥珀色的爱尔兰威士忌黑樱桃利口酒科奇阿美利加诺搅拌调，浇于一颗通透大冰球上，俯视晶莹半透，顶部以一颗八角与一薄片无花果装饰，泛冷凝光泽。单侧戏剧硬光在木纹上投出利落阴影，暗调，浅景深，100mm感，超精细，写实，8k。
1467,Peruvian Wish (Adapted),秘鲁之愿（改编）,,皮斯科阿马罗剪影,distant backlit rim / subject to side,output/images/1467_peruvian_wish_adapted.jpg,success,"Quiet cinematic still-life, a single stemmed cocktail glass set small to one side, backlit by a soft warm glow rimming its silhouette, large atmospheric space dominating. An amber pisco, amaro and maraschino stir over a single clear ice sphere, richly translucent and glowing with a warm herbal depth, a grapefruit peel and a lemon-balm leaf resting on the rim, elegant stem. Warm side-back light with a distant tiny accent, serene low-key palette, shallow depth of field, creamy bokeh, 85mm feel, hyper-detailed, photorealistic, 8k, single cocktail glass only, no other glasses, restrained harmonious low-saturation background, no text, no letters, no numbers, no logo, no watermark",静谧电影感静物：一只高脚鸡尾酒杯较小地置于画面一侧，被柔和暖光逆光勾出轮廓，大片氛围空间主导画面。酒体为琥珀色的皮斯科阿马罗黑樱桃利口酒搅拌调，浇于一颗通透冰球上，浓郁半透、泛暖草本纵深，杯沿搭一条西柚皮与一片柠檬香蜂草叶，杯脚优雅。暖调侧逆光配远处一点极小暖光，宁静暗调，浅景深奶油散景，85mm感，超精细，写实，8k。
1462,Mayahuel's Revenge,玛雅韦尔的复仇,Coupe,龙舌兰香蕉左置,off-center-left / medium,output/images/1462_mayahuel_s_revenge.jpg,success,"Refined still-life of a single coupe glass on a dark surface, subject on the left third with soft shadowed space to the right, medium shot. A golden-amber blanco tequila, vermouth and banana-liqueur stir served up, richly translucent and glowing warmly, no ice, an expressed lemon zest resting on the rim, elegant clean stem. Warm directional light rakes the bowl against a dim backdrop, sophisticated low-key palette, shallow depth of field, creamy bokeh, 85mm macro feel, hyper-detailed, photorealistic, 8k, single cocktail glass only, no other glasses, restrained harmonious low-saturation background, no text, no letters, no numbers, no logo, no watermark",考究静物：一只碟形杯置于深色台面左侧三分处，右侧柔和阴影留白，中景。酒体为金琥珀色的白龙舌兰味美思香蕉利口酒搅拌调，净饮上桌，浓郁半透、暖调发光，无冰，杯沿搭一条挤香柠檬皮，杯脚洁净优雅。暖调定向光扫过杯身、映衬昏暗背景，考究暗调，浅景深奶油散景，85mm微距感，超精细，写实，8k。
1469,Nikka's Golden Cherry,一甲黄金樱桃,Cocktail Glass,威士忌柠檬泡沫右置,off-center-right / medium,output/images/1469_nikka_s_golden_cherry.jpg,success,"Refined still-life of a single chilled cocktail glass on a dark surface, subject on the right third with soft shadowed space to the left, medium shot. A golden-amber whisky, maraschino and dry-vermouth stir crowned with a pale airy lemon foam, richly translucent below the foam, no other garnish, delicate sheen, elegant stem. Warm directional light rakes the bowl against a dim backdrop, sophisticated low-key palette, shallow depth of field, creamy bokeh, 85mm macro feel, hyper-detailed, photorealistic, 8k, single cocktail glass only, no other glasses, restrained harmonious low-saturation background, no text, no letters, no numbers, no logo, no watermark",考究静物：一只冰镇鸡尾酒杯置于深色台面右侧三分处，左侧柔和阴影留白，中景。酒体为金琥珀色的威士忌黑樱桃利口酒干味美思搅拌调，顶部覆一层淡而轻盈的柠檬泡沫，泡沫下浓郁半透，无其他装饰，泛细腻光泽，杯脚优雅。暖调定向光扫过杯身、映衬昏暗背景，考究暗调，浅景深奶油散景，85mm微距感，超精细，写实，8k。
1481,El Cortez,埃尔科尔特斯,,杏子雷司令仰视,low-angle hero / subject lower third,output/images/1481_el_cortez.jpg,success,"Low-angle hero still-life of a single stemmed wine glass on dark stone, subject in the lower third with dramatic dark space and a soft light bloom above. A pale golden apricot-liqueur and tequila drink topped with dry Riesling, brightly translucent with a warm straw glow, no ice, an expressed grapefruit peel resting on the rim, delicate sheen, elegant stem. Warm side light rims the bowl against deep shadow, refined low-key palette, shallow depth of field, creamy bokeh, 85mm feel, hyper-detailed, photorealistic, 8k, single cocktail glass only, no other glasses, restrained harmonious low-saturation background, no text, no letters, no numbers, no logo, no watermark",低角度英雄式静物：一只高脚葡萄酒杯置于深色石面上，主体位于下三分，上方留出戏剧暗部与柔和光晕。酒体为淡金色的杏子利口酒龙舌兰调、以干型雷司令补顶，明亮半透、泛暖草黄光，无冰，杯沿搭一条挤香西柚皮，泛细腻光泽，杯脚优雅。暖侧光勾勒杯身、映衬深暗阴影，考究暗调，浅景深奶油散景，85mm感，超精细，写实，8k。
1490,Lonesome George,孤独乔治,Wine Glass,杏子雪莉俯45,high-angle 45 overhead / off-center,output/images/1490_lonesome_george.jpg,success,"Moody high-angle 45-degree still-life of a single small wine glass on dark slate, subject offset to reveal the surface. A deep amber-brown apricot-infused cognac, amontillado and amaro stir served up, richly translucent with a warm nutty depth seen from above, no ice, no garnish, subtle sheen, elegant stem. Dramatic warm directional light from upper left casting a crisp shadow, sophisticated low-key palette, shallow depth of field, creamy bokeh, 100mm feel, hyper-detailed, photorealistic, 8k, single cocktail glass only, no other glasses, restrained harmonious low-saturation background, no text, no letters, no numbers, no logo, no watermark",暗调45度高角度俯拍静物：一只小葡萄酒杯置于深色石板上，主体偏置露出台面。酒体为深琥珀棕的杏子浸渍干邑阿蒙蒂亚多雪莉阿马罗搅拌调，净饮上桌，俯视浓郁半透、带暖坚果纵深，无冰无装饰，泛细腻光泽，杯脚优雅。左上方戏剧暖调定向光投出利落阴影，考究暗调，浅景深奶油散景，100mm感，超精细，写实，8k。
1492,B-String,B弦,Coupe,干邑香蕉环境景,wide environmental / subject small,output/images/1492_b_string.jpg,success,"Wide environmental still-life, a single coupe glass standing small within a softly lit warm setting, subject about a quarter of the frame with ambient space around. A rich amber-brown cognac, amontillado and banana-liqueur stir served up, deeply translucent and glowing with a warm caramel-banana hue, no ice, a single banana chip resting on the rim, elegant stem. Warm ambient tungsten light with soft blurred bokeh behind kept low in saturation, sophisticated low-key palette, shallow depth of field, 85mm feel, hyper-detailed, photorealistic, 8k, single cocktail glass only, no other glasses, restrained harmonious low-saturation background, no text, no letters, no numbers, no logo, no watermark",广角环境静物：一只碟形杯较小地立于暖光柔和场景中，主体约占画幅四分之一，四周环境留白。酒体为浓郁琥珀棕的干邑阿蒙蒂亚多雪莉香蕉利口酒搅拌调，净饮上桌，深邃半透、泛暖焦糖香蕉色，无冰，杯沿搭一片香蕉脆片，杯脚优雅。暖钨丝环境光配背后低饱和的柔和散景，考究暗调，浅景深，85mm感，超精细，写实，8k。
1498,Scotch Joplin,苏格兰乔普林,Nick & Nora,艾雷烟熏橙一角,minimalist negative space / corner,output/images/1498_scotch_joplin.jpg,success,"Minimalist still-life, a single Nick & Nora glass pushed to the lower-left corner with vast clean negative space and soft shadow. An amber-orange Islay scotch, aperitivo and curacao stir served up, richly translucent with a warm smoky glow and a faint drifting whisper of smoke, no ice, a slender curled lemon twist on the rim, elegant slender stem. Soft directional light grazing from the right, brooding smoky low-saturation palette, shallow depth of field, creamy bokeh, 100mm macro feel, hyper-detailed, photorealistic, 8k, single cocktail glass only, no other glasses, restrained harmonious low-saturation background, no text, no letters, no numbers, no logo, no watermark",极简静物：一只尼克诺拉杯被推到画面左下角，其余是大片干净负空间与柔和阴影。酒体为琥珀橙的艾雷苏格兰威士忌开胃酒库拉索搅拌调，浓郁半透、泛暖烟熏光，酒面飘一缕若有若无轻烟，无冰，杯沿一条纤细卷曲柠檬皮，杯脚纤细。右侧柔和定向日光掠过，深沉烟熏低饱和色调，浅景深奶油散景，100mm微距感，超精细，写实，8k。
1499,Virgil St.,维吉尔街,Double Rocks Glass,梅斯卡尔烟熏框景,foreground framing / through blur,output/images/1499_virgil_st.jpg,success,"Layered still-life shot through a soft blurred foreground of lemon peel, a single double rocks glass in the mid-ground offset from center, moody depth. An amber-brown mezcal, rosso vermouth and old-tom gin stir over one large clear ice cube in an absinthe-rinsed glass, richly translucent with a smoky depth, an expressed lemon peel resting inside, subtle chill sheen. Warm directional light against a dim bokeh backdrop, brooding smoky low-key palette, shallow depth of field, creamy bokeh, 85mm macro feel, hyper-detailed, photorealistic, 8k, single cocktail glass only, no other glasses, restrained harmonious low-saturation background, no text, no letters, no numbers, no logo, no watermark",层次感静物，透过虚化的前景柠檬皮拍摄：一只双料古典杯位于中景、偏离正中，暗调纵深。酒体为琥珀棕的梅斯卡尔红味美思老汤姆金酒搅拌调，浇于一块通透大冰上、以苦艾酒涮杯，浓郁半透、带烟熏纵深，杯中放一条挤香柠檬皮，泛冷凝光泽。暖调定向光配昏暗散景背景，深沉烟熏暗调，浅景深奶油散景，85mm微距感，超精细，写实，8k。
1496,International Mistress,国际情人,Collins,阿马罗苏打长焦,telephoto compression / off-center third,output/images/1496_international_mistress.jpg,success,"Cinematic telephoto still-life, a single tall Collins glass on the right third line with deep compressed creamy bokeh of a warm interior behind, shallow focal plane. A cloudy pale amber amaro, mezcal and orgeat cooler over clear ice topped with soda, lightly effervescent with fine bubbles, gently opaque with a faint smoky edge, a grapefruit peel on the rim, cool condensation. Soft warm directional light rims the glass, relaxed low-key palette, 135mm compression, creamy bokeh, hyper-detailed, photorealistic, 8k, single cocktail glass only, no other glasses, restrained harmonious low-saturation background, no text, no letters, no numbers, no logo, no watermark",电影感长焦静物：一只高身可林杯置于右侧三分线，背后是深邃压缩的暖调室内奶油散景，焦平面浅。酒体为微浑淡琥珀色的阿马罗梅斯卡尔杏仁糖浆清凉调，浇于通透冰上、以苏打补顶，轻带气泡、细泡活跃，微浊而带一丝烟熏边，杯沿一条西柚皮，杯身凝结冷珠。柔和暖调定向光勾勒杯身，慵懒暗调，135mm压缩，奶油散景，超精细，写实，8k。
1504,Cullerton Street,卡勒顿街,Double Rocks Glass,大麦茶威士忌俯拍,off-center flat lay / top-down,output/images/1504_cullerton_street.jpg,success,"Overhead top-down flat-lay still-life, a single double rocks glass placed off-center on a dark honed surface, clean surrounding space. A pale golden-amber barley-tea-infused whisky with pineau and demerara over one large clear ice cube, brilliantly translucent seen from above, no garnish, subtle chill sheen and a faint condensation ring. Dramatic hard side light casting a crisp shadow, moody low-key palette, shallow depth of field, 100mm feel, hyper-detailed, photorealistic, 8k, single cocktail glass only, no other glasses, restrained harmonious low-saturation background, no text, no letters, no numbers, no logo, no watermark",90度俯拍平铺静物：一只双料古典杯偏置于深色哑光台面上，周围留白。酒体为淡金琥珀色的大麦茶浸渍威士忌皮诺德麦拉拉调，浇于一块通透大冰上，俯视晶莹半透，无装饰，泛冷凝光泽与微水痕。单侧戏剧硬光投出利落阴影，暗调，浅景深，100mm感，超精细，写实，8k。
1508,Swedish Nightingale,瑞典夜莺,,深红金奎宁剪影,distant backlit rim / subject to side,output/images/1508_swedish_nightingale.jpg,success,"Quiet cinematic still-life, a single stemmed cocktail glass set small to one side, backlit by a soft warm glow rimming its silhouette, large atmospheric space dominating. A deep reddish-amber gin, quina and pineapple-gomme stir served up, richly translucent and glowing with a warm garnet depth, no ice, a slender curled lemon peel resting on the rim, elegant stem. Warm side-back light with a distant tiny accent, serene brooding low-key palette, shallow depth of field, creamy bokeh, 85mm feel, hyper-detailed, photorealistic, 8k, single cocktail glass only, no other glasses, restrained harmonious low-saturation background, no text, no letters, no numbers, no logo, no watermark",静谧电影感静物：一只高脚鸡尾酒杯较小地置于画面一侧，被柔和暖光逆光勾出轮廓，大片氛围空间主导画面。酒体为深红琥珀色的金酒奎宁酒菠萝树胶搅拌调，净饮上桌，浓郁半透、泛暖石榴红纵深，无冰，杯沿搭一条纤细卷曲柠檬皮，杯脚优雅。暖调侧逆光配远处一点极小暖光，宁静深沉暗调，浅景深奶油散景，85mm感，超精细，写实，8k。
1414,Last Samurai,最后的武士,Cocktail Glass,清透稻黄左置,off-center-left / medium,output/images/1414_last_samurai.jpg,success_softened,"Clean editorial still-life of a single chilled cocktail glass on a pale surface, subject on the left third with airy negative space to the right, medium shot. A pale clear straw vodka, gin and maraschino cocktail served up, crystalline and luminously translucent, no ice, a lime wheel on the rim, delicate surface sheen, elegant clean stem. Soft cool daylight from the right, fresh low-saturation palette, shallow depth of field, creamy bokeh, 100mm macro feel, hyper-detailed, photorealistic, 8k, single cocktail glass only, no other glasses, restrained harmonious low-saturation background, no text, no letters, no numbers, no logo, no watermark",干净编辑风静物：一只冰镇鸡尾酒杯置于浅色台面左侧三分处，右侧轻盈留白，中景。酒体为淡而清透稻黄的伏特加金酒黑樱桃利口酒鸡尾酒，晶莹通透发光，无冰，杯沿一片青柠轮，酒面泛细腻光泽，杯脚洁净。右侧柔和冷调日光，清新低饱和色调，浅景深奶油散景，100mm微距感，超精细，写实，8k。
1509,Nigamono,Nigamono,Double Old Fashioned Glass,深棕阿马罗右置,off-center-right / medium,output/images/1509_nigamono.jpg,success,"Moody still-life of a single double Old Fashioned glass on aged dark wood, subject on the right third with soft shadowed space to the left, medium shot. A deep reddish-brown-amber whisky, quina and amaro stir over one large clear ice cube, richly translucent and glowing with a dark bittersweet depth, two dark Luxardo cherries resting inside, subtle chill sheen. Warm tungsten side light rakes the glass against a dim backdrop, sophisticated low-key palette, shallow depth of field, creamy bokeh, 85mm macro feel, hyper-detailed, photorealistic, 8k, single cocktail glass only, no other glasses, restrained harmonious low-saturation background, no text, no letters, no numbers, no logo, no watermark",暗调静物：一只双料古典杯置于做旧深色木面右侧三分处，左侧柔和阴影留白，中景。酒体为深红棕琥珀色的威士忌奎宁酒阿马罗搅拌调，浇于一块通透大冰上，浓郁半透、泛深邃苦甜纵深，杯中沉两颗深色路萨朵樱桃，泛冷凝光泽。暖钨丝侧光扫过酒杯、映衬昏暗背景，考究暗调，浅景深奶油散景，85mm微距感，超精细，写实，8k。
1513,The Boys of Summer Cup,夏日男孩杯,Collins,苦柠檬夏日杯仰视,low-angle hero / subject lower third,output/images/1513_the_boys_of_summer_cup.jpg,success,"Low-angle hero still-life of a single tall Collins glass on dark stone, subject in the lower third with dramatic dark space and a soft light bloom above. A pale amber-gold gin, vermouth and ginger cooler over clear ice topped with bitter lemon, lightly effervescent with fine bubbles rising, gently translucent, a lemon wheel and a mint sprig as garnish, cool condensation. Warm side light rims the glass against deep shadow, fresh cinematic low-key palette, shallow depth of field, creamy bokeh, 85mm feel, hyper-detailed, photorealistic, 8k, single cocktail glass only, no other glasses, restrained harmonious low-saturation background, no text, no letters, no numbers, no logo, no watermark",低角度英雄式静物：一只高身可林杯置于深色石面上，主体位于下三分，上方留出戏剧暗部与柔和光晕。酒体为淡琥珀金的金酒味美思姜味清凉调，浇于通透冰上、以苦柠檬水补顶，轻带气泡、细泡上升，微微半透，以一片柠檬轮与一枝薄荷装饰，杯身凝结冷珠。暖侧光勾勒杯身、映衬深暗阴影，清新电影暗调，浅景深奶油散景，85mm感，超精细，写实，8k。
1520,Fiery Clydesdale,炽热克莱兹代尔,Highball Glass,粉西柚姜俯45,high-angle 45 overhead / off-center,output/images/1520_fiery_clydesdale.jpg,success,"High-angle 45-degree still-life of a single highball glass on a pale surface, subject offset to reveal the tabletop. A pale pink-amber rum, ginger and lime cooler over clear ice topped with pink-grapefruit soda, lightly effervescent with fine bubbles seen from above, a grapefruit-demerara sugar rim and a dehydrated grapefruit wheel, cool condensation. Soft warm light from upper left casting a gentle shadow, fresh low-saturation palette, shallow depth of field, creamy bokeh, 100mm feel, hyper-detailed, photorealistic, 8k, single cocktail glass only, no other glasses, restrained harmonious low-saturation background, no text, no letters, no numbers, no logo, no watermark",45度高角度俯拍静物：一只高球杯置于浅色台面，主体偏置露出台面。酒体为淡粉琥珀色的朗姆姜味青柠清凉调，浇于通透冰上、以粉红西柚苏打补顶，俯视轻带气泡、细泡上升，西柚德麦拉拉糖杯边配一片脱水西柚轮，杯身凝结冷珠。左上方柔和暖光投出淡影，清新低饱和色调，浅景深奶油散景，100mm感，超精细，写实，8k。
1521,Mister Gingy,姜先生,Collins,姜菠萝碎冰环境景,wide environmental / subject small,output/images/1521_mister_gingy.jpg,success,"Wide environmental still-life, a single tall Collins glass standing small within a softly lit setting, subject about a quarter of the frame with ambient space around. A cloudy pale golden ginger-liqueur, scotch and pineapple-gum sour over glistening crushed ice, gently opaque and fruit-forward, a fresh mint sprig and a pineapple wedge as garnish, cool frosty condensation. Warm ambient light with soft blurred bokeh behind kept low in saturation, fresh low-key palette, shallow depth of field, 85mm feel, hyper-detailed, photorealistic, 8k, single cocktail glass only, no other glasses, restrained harmonious low-saturation background, no text, no letters, no numbers, no logo, no watermark",广角环境静物：一只高身可林杯较小地立于柔光场景中，主体约占画幅四分之一，四周环境留白。酒体为微浑淡金色的姜味利口酒苏格兰威士忌菠萝胶酸酒，浇于晶莹碎冰上，微浊而果香浓，以一枝新鲜薄荷与一角菠萝装饰，杯身凝结冰霜冷珠。暖调环境光配背后低饱和的柔和散景，清新暗调，浅景深，85mm感，超精细，写实，8k。
1525,Classic Lolita,经典洛丽塔,Crystal Rocks,琥珀古典一角,minimalist negative space / corner,output/images/1525_classic_lolita.jpg,success,"Minimalist still-life, a single faceted crystal rocks glass pushed to the upper-right corner with vast clean negative space and soft gradient shadow. A deep amber whisky old-fashioned with Okinawa sugar and bitters over one large clear ice cube, richly translucent and glowing warmly, an expressed orange peel resting on the rim, subtle chill sheen. Soft directional daylight grazing from the left catching the crystal facets, refined moody low-saturation palette, shallow depth of field, creamy bokeh, 100mm macro feel, hyper-detailed, photorealistic, 8k, single cocktail glass only, no other glasses, restrained harmonious low-saturation background, no text, no letters, no numbers, no logo, no watermark",极简静物：一只切面水晶古典杯被推到画面右上角，其余是大片干净负空间与柔和渐变阴影。酒体为深琥珀色的威士忌古典调（含冲绳糖与苦精），浇于一块通透大冰上，浓郁半透、暖调发光，杯沿搭一条挤香橙皮，泛冷凝光泽。左侧柔和定向日光掠过并映亮水晶切面，考究暗调低饱和色调，浅景深奶油散景，100mm微距感，超精细，写实，8k。
1533,Plum Loco,疯狂梅子,,李子椰香框景,foreground framing / through blur,output/images/1533_plum_loco.jpg,success,"Layered still-life shot through a soft blurred foreground of citrus, a single coupe glass in the mid-ground offset from center, fresh depth. A cloudy pale pink-tan plum-brandy, gin and grapefruit sour with coconut cream and limoncello served up, gently opaque and creamy-fruity, no ice, no visible garnish, delicate sheen, elegant stem. Soft bright directional light against a gentle bokeh backdrop, fresh low-key palette, shallow depth of field, creamy bokeh, 85mm macro feel, hyper-detailed, photorealistic, 8k, single cocktail glass only, no other glasses, restrained harmonious low-saturation background, no text, no letters, no numbers, no logo, no watermark",层次感静物，透过虚化的前景柑橘拍摄：一只碟形杯位于中景、偏离正中，清新纵深。酒体为微浑淡粉褐色的李子白兰地金酒西柚酸酒（含椰浆与柠檬切罗），净饮上桌，微浊而奶果感，无冰无明显装饰，泛细腻光泽，杯脚优雅。柔和明亮定向光配轻柔散景背景，清新暗调，浅景深奶油散景，85mm微距感，超精细，写实，8k。
1550,T&T,T&T,,龙舌兰汤力长焦,telephoto compression / off-center third,output/images/1550_t_t.jpg,success,"Cinematic telephoto still-life, a single rocks glass on the left third line with deep compressed creamy bokeh of a warm interior behind, shallow focal plane. A pale amber-pink tequila and aperitivo drink over clear ice topped with tonic water, lightly effervescent with fine bubbles rising, gently translucent, no garnish, cool condensation beading down. Soft warm directional light rims the glass, relaxed low-key palette, 135mm compression, creamy bokeh, hyper-detailed, photorealistic, 8k, single cocktail glass only, no other glasses, restrained harmonious low-saturation background, no text, no letters, no numbers, no logo, no watermark",电影感长焦静物：一只古典杯置于左侧三分线，背后是深邃压缩的暖调室内奶油散景，焦平面浅。酒体为淡琥珀粉的龙舌兰开胃酒调，浇于通透冰上、以汤力水补顶，轻带气泡、细泡上升，微微半透，无装饰，杯身凝结冷珠下滑。柔和暖调定向光勾勒杯身，慵懒暗调，135mm压缩，奶油散景，超精细，写实，8k。
1567,The Dry Cruise,干爽巡航,,苦酒起泡俯拍,off-center flat lay / top-down,output/images/1567_the_dry_cruise.jpg,success,"Overhead top-down flat-lay still-life, a single champagne coupe placed off-center on a pale surface, clean surrounding space. A pale golden bitter-bianco, oloroso and honey sour topped with sparkling wine, gently translucent with fine bubbles rising seen from above, a single edible flower and a slim straw resting on top, delicate chill sheen. Soft diffused daylight casting a gentle shadow, fresh low-saturation palette, shallow depth of field, 100mm feel, hyper-detailed, photorealistic, 8k, single cocktail glass only, no other glasses, restrained harmonious low-saturation background, no text, no letters, no numbers, no logo, no watermark",90度俯拍平铺静物：一只香槟碟杯偏置于浅色台面上，周围留白。酒体为淡金色的白色苦酒欧洛罗索雪莉蜂蜜酸酒、以起泡酒补顶，俯视微微半透、细泡上升，酒面点一朵可食用花与一根细吸管，泛微凉光泽。柔和漫射日光投出淡影，清新低饱和色调，浅景深，100mm感，超精细，写实，8k。